Version,1.2
Age,100
Gender,M
Seen,N
Birth,13/07/1996
Education,With spouse
Movie,fg_av_eng_seg3
Experiment,General Synchrony
Tutorial1,1
Tutorial2,1
Time,X
0,0
0.1,0
0.2,0
0.3,0
0.4,0
0.5,0
0.6,0
0.7,0
0.8,4
0.9,21
1,29
1.1,29
1.2,29
1.3,29
1.4,29
1.5,29
1.6,26
1.7,22
1.8,22
1.9,22
2,-27
2.1,-116
2.2,-116
2.3,-116
2.4,-116
2.5,-116
2.6,-190
2.7,-134
2.8,-104
2.9,-77
3,-66
3.2,-47
3.2,-21
3.4,-20
3.4,-18
3.6,1
3.6,1
3.8,2
3.8,2
4,2
4,2
4.2,2
4.2,2
4.4,2
4.4,2
4.6,-3
4.6,-4
4.8,-5
4.8,-8
5,-8
5.1,-10
5.2,-15
5.3,-26
5.4,-31
5.5,-31
5.6,-31
5.7,-31
5.8,-31
5.9,-31
6,-31
6.1,-31
6.2,-31
6.3,-31
6.4,-31
6.5,-31
6.6,-31
6.7,-31
6.8,-31
6.9,-31
7,-31
7.1,-33
7.2,-35
7.3,-36
7.4,-37
7.5,-37
7.6,-37
7.7,-37
7.8,-37
7.9,-37
8,-37
8.1,-37
8.2,-45
8.3,-47
8.4,-47
8.5,-47
8.6,-47
8.7,-47
8.8,-47
8.9,-47
9,-50
9.1,-51
9.2,-54
9.3,-76
9.4,-76
9.5,-76
9.6,-76
9.7,-76
9.8,-76
9.9,-76
10,-76
10.1,-127
10.2,-151
10.3,-156
10.4,-135
10.5,-112
10.6,-84
10.7,-80
10.8,-80
10.9,-81
11,-81
11.1,-81
11.2,-81
11.3,-81
11.4,-84
11.5,-91
11.6,-99
11.7,-100
11.8,-107
11.9,-129
12,-146
12.1,-146
12.2,-146
12.3,-146
12.4,-131
12.5,-116
12.6,-116
12.7,-56
12.8,55
12.9,67
13,103
13.1,126
13.2,134
13.3,134
13.4,134
13.5,181
13.6,286
13.7,286
13.8,286
13.9,286
14,286
14.1,287
14.2,287
14.3,287
14.4,287
14.5,287
14.6,287
14.7,287
14.8,287
14.9,286
15,285
15.1,285
15.2,285
15.3,285
15.4,285
15.5,285
15.6,285
15.7,285
15.8,285
15.9,285
16,285
16.1,285
16.2,285
16.3,284
16.4,283
16.5,282
16.6,282
16.7,281
16.8,275
16.9,274
17,274
17.1,274
17.2,274
17.3,274
17.4,274
17.5,274
17.6,274
17.7,274
17.8,274
17.9,274
18,274
18.1,274
18.2,274
18.3,274
18.4,273
18.5,271
18.6,271
18.8,271
18.8,271
19,271
19,271
19.2,271
19.2,271
19.4,271
19.4,271
19.6,271
19.6,271
19.8,271
19.8,271
20,271
20,271
20.2,271
20.2,271
20.4,271
20.4,271
20.6,271
20.6,271
20.8,271
20.8,271
21,271
21,271
21.2,270
21.3,268
21.4,268
21.5,247
21.6,173
21.7,142
21.8,121
21.8,95
22,57
22.1,46
22.2,22
22.3,-34
22.4,-36
22.5,-36
22.6,-73
22.7,-79
22.8,-79
22.9,-79
23,-79
23.1,-81
23.2,-94
23.3,-94
23.4,-94
23.5,-94
23.6,-94
23.7,-94
23.8,-94
23.9,-94
24,-94
24.1,-94
24.2,-94
24.3,-94
24.4,-94
24.5,-94
24.6,-94
24.7,-94
24.8,-94
24.9,-94
25,-94
25.1,-94
25.2,-94
25.3,-94
25.4,-94
25.5,-94
25.6,-94
25.7,-94
25.8,-94
25.9,-94
26,-94
26.1,-94
26.2,-94
26.3,-94
26.4,-94
26.5,-94
26.6,-94
26.7,-94
26.8,-94
26.9,-94
27,-94
27.1,-94
27.2,-94
27.3,-94
27.4,-94
27.5,-94
27.6,-94
27.7,-94
27.8,-94
27.9,-95
28,-95
28.1,-95
28.2,-95
28.3,-96
28.4,-97
28.5,-100
28.6,-102
28.7,-111
28.8,-124
28.9,-125
29,-125
29.1,-125
29.2,-125
29.3,-127
29.4,-135
29.5,-138
29.6,-138
29.7,-138
29.8,-138
29.9,-139
30,-187
30.1,-224
30.2,-224
30.3,-224
30.4,-224
30.5,-224
30.6,-224
30.7,-287
30.8,-291
30.9,-295
31,-300
31.1,-300
31.2,-300
31.3,-300
31.4,-300
31.5,-300
31.6,-300
31.7,-300
31.8,-300
31.9,-300
32,-300
32.1,-300
32.2,-300
32.3,-300
32.4,-300
32.5,-300
32.6,-300
32.7,-300
32.8,-300
32.9,-300
33,-300
33.1,-300
33.2,-300
33.4,-300
33.4,-300
33.6,-300
33.6,-300
33.8,-300
33.8,-300
34,-300
34,-300
34.2,-300
34.2,-300
34.4,-300
34.4,-300
34.6,-300
34.6,-300
34.8,-300
34.8,-300
35,-300
35,-300
35.2,-300
35.2,-300
35.4,-300
35.4,-300
35.6,-300
35.7,-300
35.8,-300
35.9,-300
36,-300
36.1,-300
36.2,-300
36.3,-300
36.4,-300
36.5,-300
36.6,-300
36.7,-300
36.8,-300
36.9,-300
37,-300
37.1,-300
37.2,-300
37.3,-300
37.4,-300
37.5,-300
37.6,-300
37.7,-300
37.8,-300
37.9,-300
38,-300
38.1,-300
38.2,-300
38.3,-300
38.4,-300
38.5,-300
38.6,-300
38.7,-300
38.8,-300
38.9,-300
39,-300
39.1,-300
39.2,-300
39.3,-300
39.4,-300
39.5,-300
39.6,-300
39.7,-300
39.8,-300
39.9,-300
40,-300
40.1,-300
40.2,-300
40.3,-300
40.4,-300
40.5,-300
40.6,-300
40.7,-300
40.8,-300
40.9,-300
41,-300
41.1,-300
41.2,-300
41.3,-300
41.4,-300
41.5,-300
41.6,-300
41.7,-300
41.8,-300
41.9,-300
42,-300
42.1,-300
42.2,-300
42.3,-300
42.4,-300
42.5,-300
42.6,-300
42.7,-300
42.8,-300
42.9,-300
43,-300
43.1,-300
43.2,-300
43.3,-300
43.4,-300
43.5,-300
43.6,-300
43.7,-300
43.8,-300
43.9,-300
44,-300
44.1,-300
44.2,-300
44.3,-300
44.4,-300
44.5,-300
44.6,-300
44.7,-300
44.8,-300
44.9,-300
45,-300
45.1,-300
45.2,-300
45.3,-300
45.4,-300
45.5,-300
45.6,-300
45.7,-300
45.8,-300
45.9,-300
46,-300
46.1,-300
46.2,-300
46.3,-300
46.4,-300
46.5,-300
46.6,-300
46.7,-300
46.8,-300
46.9,-300
47,-297
47.2,-294
47.2,-293
47.4,-293
47.4,-293
47.6,-293
47.6,-293
47.8,-293
47.8,-293
48,-293
48,-293
48.2,-293
48.2,-293
48.4,-293
48.4,-293
48.6,-293
48.6,-298
48.8,-300
48.8,-300
49,-300
49,-300
49.2,-300
49.2,-300
49.4,-300
49.4,-300
49.6,-300
49.6,-300
49.8,-300
49.8,-300
50,-300
50,-300
50.2,-300
50.2,-300
50.4,-300
50.4,-300
50.6,-300
50.6,-300
50.8,-300
50.8,-300
51,-300
51,-300
51.2,-300
51.2,-300
51.4,-300
51.4,-300
51.6,-300
51.6,-300
51.8,-300
51.8,-300
52,-300
52.1,-300
52.2,-300
52.3,-300
52.4,-300
52.5,-300
52.6,-300
52.7,-300
52.8,-300
52.9,-300
53,-300
53.1,-300
53.2,-300
53.3,-300
53.4,-300
53.5,-300
53.6,-300
53.7,-300
53.8,-300
53.9,-300
54,-300
54.1,-300
54.2,-300
54.3,-300
54.4,-300
54.5,-300
54.6,-300
54.7,-300
54.8,-300
54.9,-300
55,-300
55.1,-300
55.2,-300
55.3,-300
55.4,-300
55.5,-300
55.6,-300
55.7,-300
55.8,-300
55.9,-300
56,-300
56.1,-300
56.2,-300
56.3,-300
56.4,-300
56.5,-300
56.6,-300
56.7,-300
56.8,-300
56.9,-300
57,-300
57.1,-300
57.2,-300
57.3,-300
57.4,-300
57.5,-300
57.6,-300
57.7,-300
57.8,-300
57.9,-300
58,-300
58.1,-300
58.2,-300
58.3,-300
58.4,-300
58.5,-300
58.6,-300
58.7,-300
58.8,-300
58.9,-300
59,-300
59.1,-300
59.2,-300
59.3,-300
59.4,-300
59.5,-300
59.6,-300
59.7,-300
59.8,-300
59.9,-300
60,-300
60.1,-300
60.2,-300
60.3,-300
60.4,-300
60.5,-300
60.6,-300
60.7,-300
60.8,-300
60.9,-300
61,-300
61.1,-300
61.2,-300
61.3,-300
61.4,-300
61.5,-300
61.6,-300
61.7,-300
61.8,-300
61.9,-300
62,-300
62.1,-300
62.2,-300
62.3,-300
62.4,-300
62.5,-300
62.6,-300
62.7,-300
62.8,-300
62.9,-258
63,-182
63.2,-172
63.2,-172
63.4,-172
63.4,-171
63.6,-30
63.6,69
63.8,143
63.8,184
64,184
64,184
64.2,188
64.2,216
64.4,228
64.4,228
64.6,228
64.6,227
64.8,223
64.8,222
65,221
65,219
65.2,215
65.3,214
65.4,212
65.5,196
65.6,195
65.7,195
65.8,191
65.9,189
66,189
66.1,189
66.2,189
66.3,189
66.4,189
66.5,189
66.6,189
66.7,189
66.8,189
66.9,189
67,189
67.1,189
67.2,189
67.3,189
67.4,189
67.5,189
67.6,189
67.7,189
67.8,189
67.9,189
68,189
68.1,189
68.2,189
68.3,189
68.4,189
68.5,189
68.6,189
68.7,189
68.8,189
68.9,189
69,189
69.1,189
69.2,189
69.3,189
69.4,189
69.5,189
69.6,189
69.7,189
69.8,189
69.9,189
70,189
70.1,189
70.2,189
70.3,189
70.4,189
70.5,189
70.6,189
70.7,189
70.8,189
70.9,189
71,189
71.1,189
71.2,189
71.3,189
71.4,189
71.5,189
71.6,189
71.7,189
71.8,189
71.9,189
72,188
72.1,187
72.2,187
72.3,187
72.4,187
72.5,187
72.6,187
72.7,187
72.8,187
72.9,187
73,187
73.1,187
73.2,187
73.3,187
73.4,187
73.5,187
73.6,187
73.7,187
73.8,187
73.9,187
74,187
74.1,187
74.2,187
74.3,187
74.4,187
74.5,187
74.6,187
74.7,187
74.8,187
74.9,187
75,187
75.1,187
75.2,187
75.3,187
75.4,187
75.5,187
75.6,187
75.7,187
75.8,187
75.9,187
76,187
76.1,187
76.2,187
76.3,187
76.4,187
76.5,187
76.6,187
76.7,187
76.8,187
77,187
77,187
77.2,187
77.2,187
77.4,187
77.4,187
77.6,187
77.6,187
77.8,187
77.8,187
78,187
78,187
78.2,187
78.2,187
78.4,187
78.4,187
78.6,187
78.6,187
78.8,187
78.8,187
79,187
79,187
79.2,187
79.2,187
79.4,187
79.4,187
79.6,187
79.6,187
79.8,187
79.8,187
80,187
80,187
80.2,177
80.2,142
80.4,120
80.4,83
80.6,81
80.6,46
80.8,-278
80.8,-300
81,-300
81,-300
81.2,-300
81.2,-300
81.4,-300
81.4,-300
81.6,-300
81.7,-300
81.8,-300
81.9,-300
82,-300
82.1,-300
82.2,-300
82.3,-300
82.4,-300
82.5,-300
82.6,-300
82.7,-300
82.8,-300
82.9,-300
83,-300
83.1,-300
83.2,-300
83.3,-300
83.4,-300
83.5,-300
83.6,-300
83.7,-300
83.8,-300
83.9,-300
84,-300
84.1,-300
84.2,-300
84.3,-300
84.4,-300
84.5,-300
84.6,-300
84.7,-300
84.8,-300
84.9,-300
85,-300
85.1,-300
85.2,-300
85.3,-300
85.4,-300
85.5,-300
85.6,-300
85.7,-300
85.8,-300
85.9,-300
86,-300
86.1,-300
86.2,-300
86.3,-300
86.4,-300
86.5,-300
86.6,-300
86.7,-300
86.8,-300
86.9,-300
87,-300
87.1,-300
87.2,-300
87.3,-300
87.4,-300
87.5,-300
87.6,-300
87.7,-300
87.8,-300
87.9,-300
88,-300
88.1,-300
88.2,-300
88.3,-300
88.4,-300
88.5,-300
88.6,-300
88.7,-300
88.8,-300
88.9,-300
89,-300
89.1,-300
89.2,-300
89.3,-300
89.4,-300
89.5,-300
89.6,-300
89.7,-300
89.8,-300
89.9,-300
90,-300
90.1,-300
90.2,-300
90.3,-300
90.4,-300
90.5,-300
90.6,-300
90.7,-300
90.8,-300
90.9,-300
91,-300
91.1,-300
91.2,-300
91.3,-300
91.4,-300
91.5,-300
91.6,-300
91.7,-300
91.8,-300
91.9,-300
92,-300
92.1,-300
92.2,-300
92.3,-300
92.4,-300
92.5,-300
92.6,-300
92.7,-300
92.8,-300
93,-300
93,-300
93.2,-300
93.2,-300
93.4,-300
93.4,-300
93.6,-300
93.6,-300
93.8,-300
93.8,-300
94,-300
94,-300
94.2,-300
94.2,-300
94.4,-300
94.4,-300
94.6,-300
94.6,-300
94.8,-300
94.8,-300
95,-300
95,-300
95.2,-300
95.2,-300
95.4,-300
95.4,-300
95.6,-300
95.6,-300
95.8,-300
95.9,-300
96,-300
96.1,-300
96.2,-300
96.3,-300
96.4,-300
96.5,-300
96.6,-300
96.7,-300
96.8,-300
96.9,-300
97,-300
97.1,-300
97.2,-300
97.3,-300
97.4,-300
97.5,-300
97.6,-300
97.7,-300
97.8,-300
97.9,-300
98,-300
98.1,-300
98.2,-300
98.3,-300
98.4,-300
98.5,-300
98.6,-300
98.7,-300
98.8,-300
98.9,-300
99,-300
99.1,-300
99.2,-300
99.3,-300
99.4,-300
99.5,-300
99.6,-300
99.7,-300
99.8,-300
99.9,-300
100,-300
100.1,-300
100.2,-300
100.3,-300
100.4,-300
100.5,-300
100.6,-300
100.7,-300
100.8,-300
100.9,-300
101,-300
101.1,-300
101.2,-300
101.3,-300
101.4,-300
101.5,-300
101.6,-300
101.7,-300
101.8,-300
101.9,-300
102,-300
102.1,-300
102.2,-300
102.3,-300
102.4,-300
102.5,-300
102.6,-300
102.7,-300
102.8,-300
102.9,-300
103,-300
103.1,-300
103.2,-300
103.3,-300
103.4,-300
103.5,-300
103.6,-300
103.7,-300
103.8,-300
103.9,-300
104,-300
104.1,-300
104.2,-300
104.3,-300
104.4,-300
104.5,-300
104.6,-300
104.7,-300
104.8,-300
104.9,-300
105,-300
105.1,-300
105.2,-300
105.3,-300
105.4,-300
105.5,-300
105.6,-300
105.7,-300
105.8,-300
105.9,-300
106,-300
106.1,-300
106.2,-300
106.3,-300
106.4,-300
106.5,-300
106.6,-300
106.7,-300
106.8,-300
106.9,-300
107,-300
107.1,-300
107.2,-300
107.3,-300
107.4,-300
107.5,-300
107.6,-300
107.8,-300
107.8,-300
108,-300
108,-300
108.2,-300
108.2,-300
108.4,-300
108.4,-300
108.6,-300
108.6,-300
108.8,-300
108.8,-300
109,-300
109,-300
109.2,-300
109.2,-300
109.4,-300
109.4,-300
109.6,-300
109.6,-300
109.8,-300
109.8,-300
110,-300
110,-300
110.2,-300
110.3,-300
110.4,-300
110.5,-300
110.6,-300
110.7,-300
110.8,-300
110.9,-300
111,-300
111.1,-300
111.2,-300
111.3,-300
111.4,-300
111.5,-300
111.6,-276
111.7,-260
111.8,-260
111.9,-253
112,-229
112.1,-225
112.2,-225
112.3,-243
112.4,-272
112.5,-288
112.6,-300
112.7,-300
112.8,-300
112.9,-300
113,-300
113.1,-300
113.2,-300
113.3,-300
113.4,-300
113.5,-300
113.6,-300
113.7,-300
113.8,-300
113.9,-300
114,-300
114.1,-300
114.2,-300
114.3,-300
114.4,-300
114.5,-300
114.6,-300
114.7,-300
114.8,-300
114.9,-300
115,-300
115.1,-300
115.2,-300
115.3,-300
115.4,-300
115.5,-300
115.6,-300
115.7,-300
115.8,-300
115.9,-300
116,-300
116.1,-300
116.2,-300
116.3,-300
116.4,-300
116.5,-300
116.6,-300
116.7,-300
116.8,-300
116.9,-300
117,-300
117.1,-300
117.2,-300
117.3,-300
117.4,-300
117.5,-300
117.6,-300
117.7,-273
117.8,-196
117.9,-179
118,-179
118.1,-179
118.2,-179
118.3,-179
118.4,-179
118.5,-179
118.6,-179
118.7,-179
118.8,-179
118.9,-227
119,-243
119.1,-255
119.2,-268
119.3,-271
119.4,-271
119.5,-271
119.6,-271
119.7,-271
119.8,-277
119.9,-279
120,-285
120.1,-288
120.2,-294
120.3,-299
120.4,-299
120.5,-299
120.6,-299
120.7,-299
120.8,-299
120.9,-299
121,-299
121.1,-299
121.2,-299
121.3,-299
121.4,-299
121.5,-299
121.6,-300
121.7,-300
121.8,-300
121.9,-300
122,-300
122.1,-300
122.2,-300
122.3,-300
122.4,-300
122.5,-300
122.6,-300
122.7,-300
122.8,-300
122.9,-300
123,-300
123.1,-300
123.2,-300
123.3,-300
123.4,-300
123.6,-300
123.6,-300
123.8,-300
123.8,-300
124,-300
124,-300
124.2,-300
124.2,-300
124.4,-300
124.4,-300
124.6,-300
124.6,-300
124.8,-300
124.8,-300
125,-300
125,-300
125.2,-300
125.2,-300
125.4,-300
125.4,-300
125.6,-300
125.6,-300
125.8,-300
125.8,-300
126,-300
126,-300
126.2,-300
126.3,-300
126.4,-300
126.5,-300
126.6,-300
126.7,-300
126.8,-300
126.9,-300
127,-300
127.1,-300
127.2,-300
127.3,-300
127.4,-300
127.5,-300
127.6,-300
127.7,-300
127.8,-300
127.9,-300
128,-300
128.1,-300
128.2,-300
128.3,-300
128.4,-300
128.5,-300
128.6,-300
128.7,-300
128.8,-300
128.9,-300
129,-300
129.1,-300
129.2,-300
129.3,-300
129.4,-300
129.5,-300
129.6,-300
129.7,-300
129.8,-300
129.9,-300
130,-300
130.1,-300
130.2,-300
130.3,-300
130.4,-300
130.5,-300
130.6,-300
130.7,-300
130.8,-300
130.9,-300
131,-300
131.1,-300
131.2,-300
131.3,-300
131.4,-300
131.5,-300
131.6,-300
131.7,-300
131.8,-300
131.9,-300
132,-300
132.1,-300
132.2,-300
132.3,-300
132.4,-300
132.5,-300
132.6,-300
132.7,-300
132.8,-300
132.9,-300
133,-300
133.1,-300
133.2,-300
133.3,-300
133.4,-300
133.5,-300
133.6,-300
133.7,-300
133.8,-300
133.9,-300
134,-300
134.1,-300
134.2,-300
134.3,-300
134.4,-300
134.5,-300
134.6,-300
134.7,-300
134.8,-300
134.9,-300
135,-300
135.1,-300
135.2,-300
135.3,-300
135.4,-300
135.5,-300
135.6,-300
135.7,-300
135.8,-300
135.9,-300
136,-300
136.1,-300
136.2,-300
136.3,-300
136.4,-300
136.5,-300
136.6,-300
136.7,-300
136.8,-300
136.9,-296
137,-295
137.1,-295
137.2,-295
137.3,-293
137.4,-285
137.6,-257
137.6,-257
137.8,-257
137.8,-257
138,-257
138,-258
138.2,-273
138.2,-284
138.4,-287
138.4,-287
138.6,-287
138.6,-287
138.8,-287
138.8,-287
139,-287
139,-288
139.2,-288
139.2,-288
139.4,-288
139.4,-288
139.6,-288
139.7,-288
139.8,-288
139.9,-288
140,-288
140.1,-288
140.2,-288
140.3,-288
140.4,-288
140.5,-288
140.6,-288
140.7,-288
140.8,-288
140.9,-288
141,-288
141.1,-288
141.2,-288
141.3,-288
141.4,-288
141.5,-288
141.6,-288
141.7,-288
141.8,-288
141.9,-288
142,-288
142.1,-288
142.2,-288
142.3,-288
142.4,-288
142.5,-288
142.6,-288
142.7,-288
142.8,-288
142.9,-288
143,-288
143.1,-288
143.2,-288
143.3,-288
143.4,-288
143.5,-288
143.6,-288
143.7,-288
143.8,-288
143.9,-288
144,-288
144.1,-288
144.2,-288
144.3,-288
144.4,-288
144.5,-288
144.6,-288
144.7,-288
144.8,-288
144.9,-288
145,-276
145.1,-276
145.2,-276
145.3,-276
145.4,-276
145.5,-276
145.6,-276
145.7,-276
145.8,-279
145.9,-286
146,-286
146.1,-286
146.2,-287
146.3,-290
146.4,-290
146.5,-290
146.6,-290
146.7,-290
146.8,-290
146.9,-290
147,-290
147.1,-290
147.2,-290
147.3,-290
147.4,-290
147.5,-290
147.6,-290
147.7,-290
147.8,-290
147.9,-290
148,-290
148.1,-290
148.2,-290
148.3,-290
148.4,-290
148.5,-290
148.6,-290
148.7,-290
148.8,-290
148.9,-290
149,-290
149.1,-290
149.2,-290
149.3,-290
149.4,-290
149.5,-290
149.6,-290
149.7,-290
149.8,-290
149.9,-290
150,-290
150.1,-290
150.2,-290
150.3,-290
150.4,-290
150.5,-290
150.6,-290
150.7,-290
150.8,-290
150.9,-290
151,-290
151.2,-290
151.2,-290
151.4,-290
151.4,-290
151.6,-290
151.6,-290
151.8,-290
151.8,-290
152,-290
152,-290
152.2,-290
152.2,-290
152.4,-290
152.4,-290
152.6,-290
152.6,-290
152.8,-290
152.8,-290
153,-290
153,-290
153.2,-290
153.2,-290
153.4,-290
153.4,-290
153.6,-290
153.6,-290
153.8,-290
153.8,-290
154,-290
154,-290
154.2,-290
154.2,-290
154.4,-290
154.4,-290
154.6,-290
154.6,-290
154.8,-290
154.8,-290
155,-290
155,-290
155.2,-290
155.2,-290
155.4,-290
155.4,-290
155.6,-290
155.6,-290
155.8,-290
155.8,-290
156,-290
156,-290
156.2,-290
156.3,-290
156.4,-290
156.5,-290
156.6,-290
156.7,-290
156.8,-290
156.9,-290
157,-290
157.1,-290
157.2,-290
157.3,-290
157.4,-290
157.5,-290
157.6,-290
157.7,-290
157.8,-290
157.9,-290
158,-290
158.1,-290
158.2,-290
158.3,-290
158.4,-290
158.5,-290
158.6,-290
158.7,-290
158.8,-290
158.9,-290
159,-290
159.1,-290
159.2,-290
159.3,-290
159.4,-290
159.5,-290
159.6,-290
159.7,-290
159.8,-290
159.9,-290
160,-290
160.1,-290
160.2,-290
160.3,-290
160.4,-290
160.5,-290
160.6,-290
160.7,-290
160.8,-290
160.9,-290
161,-290
161.1,-290
161.2,-290
161.3,-290
161.4,-290
161.5,-290
161.6,-290
161.7,-290
161.8,-290
161.9,-290
162,-290
162.1,-290
162.2,-290
162.3,-290
162.4,-290
162.5,-290
162.6,-290
162.7,-290
162.8,-290
162.9,-290
163,-290
163.1,-290
163.2,-290
163.3,-290
163.4,-290
163.5,-290
163.6,-290
163.7,-290
163.8,-290
163.9,-290
164,-290
164.1,-290
164.2,-290
164.3,-290
164.4,-290
164.5,-290
164.6,-290
164.7,-290
164.8,-290
164.9,-290
165,-290
165.1,-290
165.2,-290
165.3,-290
165.4,-290
165.5,-290
165.6,-290
165.7,-290
165.8,-290
165.9,-290
166,-290
166.1,-290
166.2,-290
166.3,-290
166.4,-290
166.5,-290
166.6,-290
166.7,-290
166.8,-290
166.9,-290
167,-290
167.1,-290
167.2,-290
167.3,-290
167.4,-290
167.5,-290
167.6,-290
167.8,-290
167.8,-290
168,-290
168,-290
168.2,-290
168.2,-290
168.4,-290
168.4,-290
168.6,-290
168.6,-290
168.8,-290
168.8,-290
169,-290
169,-290
169.2,-290
169.2,-290
169.4,-290
169.4,-290
169.6,-290
169.6,-290
169.8,-290
169.8,-290
170,-290
170,-290
170.2,-290
170.2,-290
170.4,-290
170.5,-290
170.6,-290
170.7,-290
170.8,-290
170.9,-290
171,-290
171.1,-290
171.2,-290
171.3,-290
171.4,-290
171.5,-290
171.6,-290
171.7,-290
171.8,-290
171.9,-290
172,-290
172.1,-290
172.2,-290
172.3,-290
172.4,-290
172.5,-290
172.6,-290
172.7,-290
172.8,-290
172.9,-290
173,-290
173.1,-290
173.2,-290
173.3,-290
173.4,-290
173.5,-290
173.6,-290
173.7,-290
173.8,-290
173.9,-290
174,-290
174.1,-290
174.2,-290
174.3,-290
174.4,-290
174.5,-290
174.6,-290
174.7,-290
174.8,-290
174.9,-290
175,-290
175.1,-290
175.2,-290
175.3,-290
175.4,-290
175.5,-290
175.6,-290
175.7,-290
175.8,-290
175.9,-290
176,-290
176.1,-290
176.2,-290
176.3,-290
176.4,-290
176.5,-290
176.6,-290
176.7,-290
176.8,-290
176.9,-290
177,-290
177.1,-290
177.2,-290
177.3,-290
177.4,-290
177.5,-290
177.6,-290
177.7,-290
177.8,-290
177.9,-290
178,-290
178.1,-290
178.2,-290
178.3,-290
178.4,-290
178.5,-290
178.6,-290
178.7,-290
178.8,-290
178.9,-290
179,-290
179.1,-290
179.2,-290
179.3,-290
179.4,-290
179.5,-290
179.6,-290
179.7,-290
179.8,-290
179.9,-290
180,-290
180.1,-290
180.2,-290
180.3,-290
180.4,-290
180.5,-290
180.6,-290
180.7,-290
180.8,-290
180.9,-290
181,-290
181.1,-290
181.2,-291
181.3,-291
181.4,-291
181.5,-291
181.6,-291
181.8,-291
181.8,-291
182,-291
182,-291
182.2,-291
182.2,-291
182.4,-291
182.4,-291
182.6,-291
182.6,-291
182.8,-291
182.8,-291
183,-291
183,-291
183.2,-291
183.2,-291
183.4,-291
183.4,-291
183.6,-291
183.6,-291
183.8,-291
183.8,-291
184,-291
184,-291
184.2,-291
184.2,-291
184.4,-291
184.4,-291
184.6,-291
184.6,-291
184.8,-291
184.8,-291
185,-291
185,-291
185.2,-291
185.2,-291
185.4,-291
185.4,-291
185.6,-291
185.6,-291
185.8,-291
185.8,-291
186,-291
186.1,-291
186.2,-291
186.3,-291
186.4,-291
186.5,-291
186.6,-291
186.7,-291
186.8,-291
186.9,-291
187,-291
187.1,-291
187.2,-291
187.3,-291
187.4,-291
187.5,-291
187.6,-291
187.7,-291
187.8,-291
187.9,-291
188,-291
188.1,-291
188.2,-291
188.3,-291
188.4,-291
188.5,-291
188.6,-291
188.7,-291
188.8,-291
188.9,-291
189,-291
189.1,-291
189.2,-291
189.3,-291
189.4,-291
189.5,-291
189.6,-291
189.7,-291
189.8,-290
189.9,-282
190,-240
190.1,-132
190.2,-32
190.3,-22
190.4,13
190.5,48
190.6,42
190.7,29
190.8,29
190.9,29
191,56
191.1,61
191.2,61
191.3,61
191.4,62
191.5,62
191.6,62
191.7,62
191.8,62
191.9,62
192,63
192.1,63
192.2,63
192.3,63
192.4,63
192.5,63
192.6,63
192.7,63
192.8,63
192.9,63
193,63
193.1,63
193.2,63
193.3,63
193.4,63
193.5,62
193.6,62
193.7,62
193.8,62
193.9,62
194,62
194.1,62
194.2,62
194.3,62
194.4,62
194.5,62
194.6,62
194.7,62
194.8,62
194.9,61
195,59
195.1,57
195.2,48
195.3,30
195.4,-4
195.5,-47
195.6,-87
195.7,-124
195.8,-153
195.9,-173
196,-180
196.1,-196
196.2,-300
196.3,-300
196.4,-300
196.6,-300
196.6,-300
196.8,-300
196.8,-300
197,-300
197,-300
197.2,-300
197.2,-300
197.4,-300
197.4,-300
197.6,-300
197.6,-300
197.8,-300
197.8,-300
198,-300
198,-300
198.2,-300
198.2,-300
198.4,-300
198.4,-300
198.6,-300
198.6,-300
198.8,-300
198.9,-300
199,-300
199.1,-300
199.2,-300
199.3,-300
199.4,-300
199.5,-300
199.6,-300
199.7,-300
199.8,-300
199.9,-300
200,-300
200.1,-300
200.2,-300
200.3,-300
200.4,-300
200.5,-300
200.6,-300
200.7,-300
200.8,-300
200.9,-300
201,-300
201.1,-300
201.2,-300
201.3,-300
201.4,-300
201.5,-300
201.6,-300
201.7,-300
201.8,-300
201.9,-300
202,-300
202.1,-300
202.2,-300
202.3,-300
202.4,-300
202.5,-300
202.6,-300
202.7,-300
202.8,-300
202.9,-300
203,-300
203.1,-300
203.2,-300
203.3,-300
203.4,-300
203.5,-300
203.6,-300
203.7,-300
203.8,-300
203.9,-300
204,-300
204.1,-300
204.2,-300
204.3,-300
204.4,-300
204.5,-300
204.6,-300
204.7,-300
204.8,-300
204.9,-300
205,-300
205.1,-300
205.2,-300
205.3,-300
205.4,-300
205.5,-300
205.6,-300
205.7,-300
205.8,-300
205.9,-300
206,-300
206.1,-300
206.2,-300
206.3,-300
206.4,-300
206.5,-300
206.6,-300
206.7,-300
206.8,-300
206.9,-300
207,-300
207.1,-300
207.2,-300
207.3,-300
207.4,-300
207.5,-300
207.6,-300
207.7,-300
207.8,-300
207.9,-300
208,-300
208.1,-300
208.2,-300
208.3,-300
208.4,-300
208.5,-300
208.6,-300
208.7,-300
208.8,-300
208.9,-300
209,-300
209.1,-300
209.2,-300
209.3,-300
209.4,-300
209.5,-300
209.6,-300
209.7,-300
209.8,-300
210,-300
210,-300
210.2,-300
210.2,-300
210.4,-300
210.4,-300
210.6,-300
210.6,-300
210.8,-300
210.8,-300
211,-300
211,-300
211.2,-300
211.2,-300
211.4,-300
211.4,-300
211.6,-300
211.6,-300
211.8,-300
211.8,-300
212,-300
212,-300
212.2,-300
212.3,-300
212.4,-300
212.5,-300
212.6,-300
212.7,-300
212.8,-300
212.9,-300
213,-300
213,-300
213.2,-300
213.3,-300
213.4,-300
213.5,-300
213.6,-300
213.7,-300
213.8,-300
213.9,-300
214,-300
214.1,-300
214.2,-300
214.3,-300
214.4,-300
214.5,-300
214.6,-300
214.7,-300
214.8,-300
214.9,-300
215,-300
215.1,-300
215.2,-300
215.3,-300
215.4,-300
215.5,-300
215.6,-300
215.7,-300
215.8,-300
215.9,-300
216,-300
216.1,-300
216.2,-300
216.3,-300
216.4,-300
216.5,-300
216.6,-300
216.7,-300
216.8,-300
216.9,-300
217,-300
217.1,-300
217.2,-300
217.3,-300
217.4,-300
217.5,-300
217.6,-300
217.7,-300
217.8,-300
217.9,-300
218,-300
218.1,-300
218.2,-300
218.3,-300
218.4,-300
218.5,-300
218.6,-300
218.7,-300
218.8,-300
218.9,-300
219,-300
219.1,-300
219.2,-300
219.3,-300
219.4,-300
219.5,-300
219.6,-300
219.7,-300
219.8,-300
219.9,-300
220,-300
220.1,-300
220.2,-300
220.3,-300
220.4,-300
220.5,-300
220.6,-300
220.7,-300
220.8,-300
220.9,-300
221,-300
221.1,-300
221.2,-300
221.3,-300
221.4,-300
221.5,-300
221.6,-300
221.7,-300
221.8,-300
221.9,-300
222,-300
222.1,-300
222.2,-300
222.3,-300
222.4,-300
222.5,-300
222.6,-300
222.8,-300
222.8,-300
223,-300
223,-300
223.1,-300
223.2,-300
223.3,-300
223.4,-300
223.6,-300
223.6,-300
223.7,-300
223.8,-300
223.9,-300
224,-300
224.1,-300
224.2,-300
224.3,-300
224.4,-300
224.6,-300
224.6,-300
224.8,-300
224.8,-300
225,-300
225,-300
225.2,-300
225.2,-300
225.4,-300
225.4,-300
225.6,-300
225.6,-300
225.8,-300
225.8,-300
226,-300
226,-300
226.2,-300
226.2,-300
226.4,-300
226.4,-300
226.6,-300
226.7,-300
226.8,-300
226.9,-300
227,-300
227.1,-300
227.2,-300
227.3,-300
227.4,-300
227.5,-300
227.6,-300
227.7,-300
227.8,-300
227.9,-300
228,-300
228.1,-300
228.2,-300
228.3,-300
228.4,-300
228.5,-300
228.6,-300
228.7,-300
228.8,-300
228.9,-300
229,-300
229.1,-300
229.2,-300
229.3,-300
229.4,-300
229.5,-300
229.6,-300
229.7,-300
229.8,-300
229.9,-300
230,-300
230.1,-300
230.2,-300
230.3,-300
230.4,-300
230.5,-300
230.6,-300
230.7,-300
230.8,-300
230.9,-300
231,-300
231.1,-300
231.2,-300
231.3,-300
231.4,-300
231.5,-300
231.6,-300
231.7,-300
231.8,-300
231.9,-300
232,-300
232.1,-300
232.2,-300
232.3,-300
232.4,-300
232.5,-300
232.6,-300
232.7,-300
232.8,-300
232.9,-300
233,-300
233.1,-300
233.2,-300
233.3,-300
233.4,-300
233.5,-300
233.6,-300
233.7,-300
233.8,-300
233.9,-300
234,-300
234.1,-300
234.2,-300
234.3,-300
234.4,-300
234.5,-300
234.6,-300
234.7,-300
234.8,-300
234.9,-300
235,-300
235.1,-300
235.2,-300
235.3,-300
235.4,-300
235.5,-300
235.6,-300
235.7,-300
235.8,-300
235.9,-300
236,-300
236.1,-300
236.2,-300
236.3,-300
236.4,-300
236.5,-300
236.6,-300
236.7,-300
236.8,-300
236.9,-300
237,-300
237.1,-300
237.2,-300
237.3,-300
237.4,-300
237.5,-300
237.6,-300
237.7,-300
237.8,-300
237.9,-300
238,-300
238.1,-300
238.2,-300
238.4,-300
238.4,-300
238.6,-300
238.6,-300
238.8,-300
238.8,-300
239,-300
239,-300
239.2,-300
239.2,-300
239.4,-300
239.4,-300
239.6,-300
239.6,-300
239.8,-300
239.8,-300
240,-300
240,-300
240.2,-300
240.2,-300
240.4,-300
240.5,-300
240.6,-300
240.7,-300
240.8,-300
240.9,-300
241,-300
241.1,-300
241.2,-300
241.3,-300
241.4,-300
241.5,-300
241.6,-300
241.7,-300
241.8,-300
241.9,-300
242,-300
242.1,-300
242.2,-300
242.3,-300
242.4,-300
242.5,-300
242.6,-300
242.7,-300
242.8,-300
242.9,-300
243,-300
243.1,-300
243.2,-300
243.3,-300
243.4,-300
243.5,-300
243.6,-300
243.7,-300
243.8,-300
243.9,-300
244,-300
244.1,-300
244.2,-300
244.3,-300
244.4,-300
244.5,-300
244.6,-300
244.7,-300
244.8,-300
244.9,-300
245,-300
245.1,-300
245.2,-300
245.3,-300
245.4,-300
245.5,-300
245.6,-300
245.7,-300
245.8,-300
245.9,-300
246,-300
246.1,-300
246.2,-300
246.3,-300
246.4,-300
246.5,-300
246.6,-300
246.7,-300
246.8,-300
246.9,-300
247,-300
247.1,-300
247.2,-300
247.3,-300
247.4,-300
247.5,-300
247.6,-300
247.7,-300
247.8,-300
247.9,-300
248,-300
248.1,-300
248.2,-300
248.3,-300
248.4,-300
248.5,-300
248.6,-300
248.7,-300
248.8,-300
248.9,-300
249,-300
249.1,-300
249.2,-300
249.3,-300
249.4,-300
249.5,-300
249.6,-300
249.7,-300
249.8,-300
249.9,-300
250,-300
250.1,-300
250.2,-300
250.3,-300
250.4,-300
250.5,-300
250.6,-300
250.7,-300
250.8,-300
250.9,-300
251,-300
251.2,-300
251.2,-300
251.4,-300
251.4,-300
251.6,-267
251.6,-186
251.8,-174
251.8,-152
252,-151
252,-151
252.2,-153
252.2,-155
252.4,-161
252.4,-162
252.6,-163
252.6,-163
252.8,-163
252.8,-163
253,-137
253,-100
253.2,-80
253.2,-76
253.4,-62
253.4,-47
253.6,-32
253.6,-31
253.8,-22
253.8,-11
254,-11
254,-11
254.2,-11
254.2,-13
254.4,-15
254.4,-17
254.6,-17
254.6,-17
254.8,-17
254.8,-18
255,-19
255,-19
255.2,-21
255.2,-21
255.4,-22
255.4,-30
255.6,-68
255.7,-87
255.8,-105
255.9,-147
256,-160
256.1,-243
256.2,-292
256.3,-298
256.4,-298
256.5,-298
256.6,-298
256.7,-296
256.8,-296
256.9,-296
257,-296
257.1,-296
257.2,-296
257.3,-300
257.4,-300
257.5,-300
257.6,-300
257.7,-300
257.8,-300
257.9,-300
258,-300
258.1,-300
258.2,-300
258.3,-300
258.4,-300
258.5,-300
258.6,-300
258.7,-300
258.8,-300
258.9,-300
259,-300
259.1,-300
259.2,-300
259.3,-300
259.4,-300
259.5,-300
259.6,-300
259.7,-300
259.8,-300
259.9,-300
260,-300
260.1,-300
260.2,-300
260.3,-300
260.4,-300
260.5,-300
260.6,-300
260.7,-300
260.8,-300
260.9,-300
261,-300
261.1,-300
261.2,-300
261.3,-300
261.4,-300
261.5,-300
261.6,-300
261.7,-300
261.8,-300
261.9,-300
262,-300
262.1,-300
262.2,-300
262.3,-300
262.4,-300
262.5,-300
262.6,-300
262.7,-300
262.8,-300
262.9,-300
263,-300
263.1,-300
263.2,-300
263.3,-300
263.4,-300
263.5,-300
263.6,-300
263.7,-300
263.8,-300
263.9,-300
264,-300
264.1,-300
264.2,-300
264.3,-300
264.4,-300
264.5,-300
264.6,-300
264.7,-300
264.8,-300
264.9,-300
265,-300
265.1,-300
265.2,-300
265.3,-238
265.4,-197
265.5,-166
265.6,-87
265.7,-72
265.8,-70
265.9,-66
266,-66
266.1,-66
266.2,-66
266.3,-64
266.4,4
266.5,36
266.6,37
266.8,37
266.8,37
267,37
267,37
267.2,42
267.2,48
267.4,48
267.4,52
267.6,81
267.6,101
267.8,101
267.8,101
268,101
268,101
268.2,101
268.2,101
268.4,101
268.4,101
268.6,101
268.6,101
268.8,101
268.9,101
269,101
269.1,101
269.2,101
269.3,101
269.4,101
269.5,101
269.6,101
269.7,101
269.8,101
269.9,101
270,101
270.1,101
270.2,101
270.3,101
270.4,101
270.5,101
270.6,101
270.7,101
270.8,101
270.9,101
271,101
271.1,101
271.2,101
271.3,101
271.4,101
271.5,101
271.6,101
271.7,101
271.8,101
271.9,101
272,101
272.1,101
272.2,101
272.3,101
272.4,101
272.5,101
272.6,101
272.7,101
272.8,101
272.9,101
273,101
273.1,100
273.2,100
273.3,100
273.4,100
273.5,99
273.6,96
273.7,91
273.8,80
273.9,79
274,74
274.1,65
274.2,56
274.3,47
274.4,47
274.5,47
274.6,47
274.7,47
274.8,47
274.9,47
275,47
275.1,47
275.2,47
275.3,47
275.4,47
275.5,47
275.6,47
275.7,47
275.8,47
275.9,47
276,47
276.1,47
276.2,46
276.3,46
276.4,46
276.5,46
276.6,46
276.7,44
276.8,37
276.9,34
277,33
277.1,33
277.2,33
277.3,33
277.4,33
277.5,33
277.6,33
277.7,33
277.8,33
277.9,33
278,33
278.1,33
278.2,33
278.3,33
278.4,32
278.5,32
278.6,31
278.7,31
278.8,31
278.9,31
279,31
279.1,31
279.2,31
279.3,31
279.4,31
279.5,31
279.6,31
279.8,31
279.8,31
280,31
280,31
280.2,31
280.2,31
280.4,31
280.4,31
280.6,36
280.6,36
280.8,37
280.8,41
281,43
281,43
281.2,43
281.2,43
281.4,43
281.4,43
281.6,42
281.7,42
281.8,42
281.9,42
282,42
282.1,42
282.2,42
282.3,42
282.4,44
282.5,45
282.6,45
282.7,45
282.8,45
282.9,45
283,45
283.1,45
283.2,45
283.3,46
283.4,53
283.5,57
283.6,64
283.7,70
283.8,70
283.9,70
284,70
284.1,70
284.2,69
284.3,69
284.4,69
284.5,69
284.6,69
284.7,69
284.8,68
284.9,68
285,68
285.1,66
285.2,66
285.3,66
285.4,66
285.5,66
285.6,66
285.7,66
285.8,66
285.9,67
286,130
286.1,130
286.2,130
286.3,129
286.4,125
286.5,122
286.6,121
286.7,121
286.8,139
286.9,142
287,143
287.1,152
287.2,152
287.3,152
287.4,152
287.5,152
287.6,152
287.7,153
287.8,159
287.9,165
288,192
288.1,204
288.2,204
288.3,205
288.4,205
288.5,205
288.6,205
288.7,205
288.8,205
288.9,205
289,205
289.1,205
289.2,205
289.3,205
289.4,205
289.5,205
289.6,205
289.7,205
289.8,205
289.9,205
290,205
290.1,205
290.2,205
290.3,205
290.4,205
290.5,205
290.6,205
290.7,205
290.8,205
290.9,205
291,205
291.1,205
291.2,205
291.3,205
291.4,205
291.5,205
291.6,205
291.7,205
291.8,205
291.9,205
292,205
292.1,205
292.2,205
292.3,205
292.4,205
292.5,205
292.6,205
292.7,205
292.8,205
292.9,205
293,205
293.1,205
293.2,205
293.3,205
293.4,205
293.5,205
293.6,205
293.7,205
293.8,205
293.9,205
294,204
294.1,204
294.2,204
294.3,204
294.4,204
294.5,204
294.6,204
294.7,203
294.8,203
294.9,203
295,202
295.1,202
295.2,202
295.3,201
295.4,201
295.6,201
295.6,201
295.8,201
295.8,201
296,201
296,201
296.2,201
296.2,201
296.4,201
296.4,201
296.6,201
296.6,201
296.8,201
296.8,201
297,201
297,200
297.2,200
297.2,200
297.4,200
297.4,200
297.6,200
297.7,200
297.8,200
297.9,200
298,200
298.1,200
298.2,200
298.3,200
298.4,200
298.5,200
298.6,200
298.7,200
298.8,200
298.9,200
299,200
299.1,200
299.2,200
299.3,200
299.4,200
299.5,200
299.6,198
299.7,198
299.8,198
299.9,197
300,192
300.1,186
300.2,175
300.3,163
300.4,147
300.5,142
300.6,141
300.7,141
300.8,141
300.9,141
301,141
301.1,141
301.2,141
301.3,141
301.4,141
301.5,141
301.6,141
301.7,141
301.8,141
301.9,141
302,141
302.1,141
302.2,141
302.3,141
302.4,141
302.5,141
302.6,141
302.7,141
302.8,141
302.9,141
303,141
303.1,141
303.2,141
303.3,141
303.4,141
303.5,141
303.6,141
303.7,141
303.8,141
303.9,141
304,141
304.1,141
304.2,141
304.3,141
304.4,141
304.5,141
304.6,141
304.7,141
304.8,141
304.9,141
305,141
305.1,141
305.2,141
305.3,141
305.4,141
305.5,141
305.6,141
305.7,141
305.8,141
305.9,141
306,141
306.1,141
306.2,141
306.3,141
306.4,141
306.5,141
306.6,141
306.7,141
306.8,141
306.9,141
307,141
307.1,141
307.2,141
307.3,141
307.4,141
307.5,141
307.6,141
307.7,140
307.8,140
307.9,140
308,140
308.1,140
308.2,140
308.3,140
308.4,140
308.6,140
308.6,140
308.8,140
308.8,140
309,140
309,140
309.2,140
309.2,140
309.4,140
309.4,140
309.6,140
309.6,140
309.8,140
309.8,140
310,140
310,140
310.2,140
310.2,140
310.4,140
310.4,140
310.6,137
310.6,137
310.8,137
310.9,137
311,137
311.1,137
311.2,137
311.3,137
311.4,137
311.5,137
311.6,137
311.7,137
311.8,137
311.9,137
312,137
312.1,137
312.2,137
312.3,137
312.4,137
312.5,137
312.6,137
312.7,137
312.8,137
312.9,137
313,137
313.1,137
313.2,137
313.3,137
313.4,137
313.5,137
313.6,137
313.7,137
313.8,137
313.9,137
314,137
314.1,137
314.2,137
314.3,137
314.4,137
314.5,137
314.6,137
314.7,137
314.8,137
314.9,137
315,137
315.1,137
315.2,137
315.3,137
315.4,137
315.5,137
315.6,137
315.7,137
315.8,137
315.9,137
316,137
316.1,137
316.2,137
316.3,137
316.4,137
316.5,137
316.6,137
316.7,137
316.8,137
316.9,137
317,137
317.1,137
317.2,137
317.3,137
317.4,137
317.5,137
317.6,137
317.7,137
317.8,137
317.9,137
318,137
318.1,137
318.2,137
318.3,137
318.4,137
318.5,137
318.6,137
318.7,137
318.8,137
318.9,137
319,137
319.1,137
319.2,137
319.3,137
319.4,137
319.5,137
319.6,137
319.7,137
319.8,137
319.9,137
320,137
320.1,137
320.2,137
320.3,137
320.4,137
320.5,137
320.6,137
320.7,137
320.8,137
320.9,137
321,137
321.1,137
321.2,137
321.3,137
321.4,137
321.5,128
321.6,128
321.7,127
321.8,127
321.9,127
322,127
322.1,127
322.2,127
322.4,127
322.4,127
322.6,127
322.6,127
322.8,127
322.8,127
323,127
323,127
323.2,127
323.2,126
323.4,100
323.4,77
323.6,27
323.6,-7
323.8,-32
323.8,-51
324,-67
324,-75
324.2,-82
324.2,-113
324.4,-113
324.4,-113
324.6,-113
324.6,-113
324.8,-113
324.8,-113
325,-138
325,-138
325.2,-138
325.2,-138
325.4,-138
325.4,-138
325.6,-140
325.6,-141
325.8,-144
325.8,-153
326,-153
326,-153
326.2,-153
326.2,-153
326.4,-153
326.4,-153
326.6,-153
326.6,-153
326.8,-153
326.9,-153
327,-153
327.1,-153
327.2,-153
327.3,-153
327.4,-153
327.5,-153
327.6,-153
327.7,-153
327.8,-153
327.9,-153
328,-153
328.1,-153
328.2,-153
328.3,-153
328.4,-153
328.5,-153
328.6,-153
328.7,-153
328.8,-153
328.9,-153
329,-153
329.1,-153
329.2,-153
329.3,-153
329.4,-153
329.5,-153
329.6,-153
329.7,-153
329.8,-153
329.9,-153
330,-153
330.1,-153
330.2,-153
330.3,-153
330.4,-153
330.5,-153
330.6,-153
330.7,-153
330.8,-153
330.9,-153
331,-153
331.1,-153
331.2,-153
331.3,-153
331.4,-153
331.5,-153
331.6,-153
331.7,-153
331.8,-153
331.9,-153
332,-153
332.1,-153
332.2,-153
332.3,-153
332.4,-153
332.5,-153
332.6,-153
332.7,-153
332.8,-153
332.9,-153
333,-153
333.1,-153
333.2,-153
333.3,-153
333.4,-153
333.5,-153
333.6,-153
333.7,-153
333.8,-153
333.9,-153
334,-153
334.1,-153
334.2,-153
334.3,-153
334.4,-153
334.5,-153
334.6,-153
334.7,-153
334.8,-153
334.9,-153
335,-153
335.1,-153
335.2,-153
335.3,-153
335.4,-153
335.5,-153
335.6,-153
335.7,-153
335.8,-153
335.9,-153
336,-153
336.1,-153
336.2,-153
336.3,-153
336.4,-153
336.5,-153
336.6,-153
336.7,-153
336.8,-153
336.9,-153
337,-153
337.1,-153
337.2,-153
337.3,-153
337.4,-153
337.5,-153
337.6,-153
337.7,-153
337.8,-153
337.9,-153
338,-153
338.2,-153
338.2,-153
338.4,-153
338.4,-153
338.6,-153
338.6,-153
338.8,-153
338.8,-153
339,-153
339,-153
339.2,-153
339.2,-153
339.4,-153
339.4,-153
339.6,-153
339.6,-153
339.8,-153
339.8,-153
340,-153
340.1,-153
340.2,-153
340.3,-153
340.4,-153
340.5,-153
340.6,-153
340.7,-153
340.8,-153
340.9,-153
341,-153
341.1,-153
341.2,-153
341.3,-153
341.4,-153
341.5,-153
341.6,-153
341.7,-153
341.8,-153
341.9,-153
342,-153
342.1,-153
342.2,-153
342.3,-153
342.4,-153
342.5,-153
342.6,-153
342.7,-153
342.8,-153
342.9,-153
343,-153
343.1,-153
343.2,-153
343.3,-153
343.4,-153
343.5,-153
343.6,-153
343.7,-158
343.8,-158
343.9,-158
344,-158
344.1,-158
344.2,-158
344.3,-151
344.4,-141
344.5,-135
344.6,-130
344.7,-129
344.8,-129
344.9,-129
345,-129
345.1,-126
345.2,-117
345.3,-117
345.4,-117
345.5,-117
345.6,-114
345.7,-109
345.8,-101
345.9,-95
346,-95
346.1,-95
346.2,-94
346.3,-78
346.4,-78
346.5,-78
346.6,-78
346.7,-78
346.8,-78
346.9,-78
347,-78
347.1,-78
347.2,-78
347.3,-78
347.4,-78
347.5,-78
347.6,-78
347.7,-78
347.8,-78
347.9,-78
348,-78
348.1,-78
348.2,-78
348.3,-78
348.4,-78
348.5,-78
348.6,-78
348.7,-78
348.8,-78
348.9,-78
349,-78
349.1,-78
349.2,-78
349.3,-78
349.4,-78
349.5,-78
349.6,-78
349.7,-78
349.8,-78
349.9,-78
350,-78
350.1,-78
350.2,-78
350.3,-78
350.4,-78
350.5,-78
350.6,-78
350.7,-78
350.8,-78
350.9,-78
351,-78
351.2,-78
351.2,-78
351.4,-78
351.4,-78
351.6,-78
351.6,-78
351.8,-78
351.8,-78
352,-78
352,-78
352.2,-78
352.2,-78
352.4,-78
352.4,-78
352.6,-80
352.6,-84
352.8,-88
352.8,-90
353,-90
353,-90
353.2,-90
353.2,-90
353.4,-90
353.4,-90
353.6,-90
353.6,-90
353.8,-90
353.8,-90
354,-90
354,-90
354.2,-90
354.2,-90
354.4,-90
354.4,-90
354.6,-90
354.6,-90
354.8,-90
354.8,-90
355,-90
355,-90
355.2,-90
355.2,-90
355.4,-90
355.4,-90
355.6,-90
355.7,-90
355.8,-89
355.9,-89
356,-89
356.1,-89
356.2,-89
356.3,-89
356.4,-89
356.5,-89
356.6,-89
356.7,-89
356.8,-89
356.9,-89
357,-89
357.1,-89
357.2,-89
357.3,-89
357.4,-89
357.5,-89
357.6,-89
357.7,-89
357.8,-89
357.9,-89
358,-89
358.1,-89
358.2,-89
358.3,-89
358.4,-87
358.5,-75
358.6,-37
358.7,-35
358.8,-32
358.9,-15
359,-8
359.1,40
359.2,86
359.3,86
359.4,80
359.5,78
359.6,78
359.7,78
359.8,108
359.9,115
360,115
360.1,115
360.2,115
360.3,115
360.4,114
360.5,114
360.6,114
360.7,114
360.8,114
360.9,114
361,114
361.1,114
361.2,114
361.3,114
361.4,114
361.5,114
361.6,114
361.7,114
361.8,114
361.9,114
362,114
362.1,114
362.2,114
362.3,114
362.4,114
362.5,114
362.6,114
362.7,114
362.8,114
362.9,114
363,113
363.1,112
363.2,112
363.3,112
363.4,113
363.5,113
363.6,114
363.7,115
363.8,115
363.9,117
364,117
364.1,118
364.2,119
364.3,122
364.4,122
364.5,122
364.6,122
364.7,122
364.8,122
364.9,122
365,122
365.1,122
365.2,122
365.3,122
365.4,122
365.5,122
365.6,122
365.7,122
365.8,122
365.9,122
366,122
366.1,122
366.2,122
366.3,122
366.4,122
366.5,122
366.6,122
366.7,122
366.8,122
366.9,122
367,122
367.1,122
367.2,122
367.4,122
367.4,122
367.6,122
367.6,122
367.8,122
367.8,122
368,122
368,122
368.2,122
368.2,122
368.4,122
368.4,122
368.6,122
368.6,122
368.8,122
368.8,122
369,122
369,122
369.2,122
369.3,122
369.4,122
369.5,122
369.6,122
369.7,122
369.8,122
369.9,122
370,122
370.1,122
370.2,122
370.3,122
370.4,122
370.5,122
370.6,122
370.7,122
370.8,122
370.9,122
371,122
371.1,122
371.2,122
371.3,122
371.4,122
371.5,122
371.6,122
371.7,122
371.8,122
371.9,124
372,130
372.1,134
372.2,136
372.3,137
372.4,137
372.5,137
372.6,137
372.7,138
372.8,145
372.9,146
373,146
373.1,146
373.2,146
373.3,146
373.4,146
373.5,146
373.6,146
373.7,146
373.8,146
373.9,146
374,146
374.1,146
374.2,151
374.3,152
374.4,152
374.5,152
374.6,152
374.7,152
374.8,152
374.9,152
375,152
375.1,152
375.2,152
375.3,152
375.4,152
375.5,152
375.6,152
375.7,155
375.8,156
375.9,157
376,171
376.1,179
376.2,180
376.3,180
376.4,180
376.5,180
376.6,180
376.7,180
376.8,180
376.9,180
377,180
377.1,180
377.2,180
377.3,180
377.4,180
377.5,180
377.6,180
377.7,180
377.8,180
377.9,180
378,180
378.1,180
378.2,180
378.3,179
378.4,179
378.5,179
378.6,178
378.7,177
378.8,176
378.9,176
379,176
379.1,175
379.2,173
379.3,172
379.4,172
379.5,172
379.6,172
379.7,172
379.8,172
379.9,172
380,172
380.1,172
380.2,172
380.3,172
380.4,172
380.6,172
380.6,172
380.8,171
380.8,171
381,171
381,171
381.2,171
381.2,171
381.4,171
381.4,171
381.6,171
381.6,170
381.8,170
381.8,170
382,170
382,170
382.2,170
382.2,170
382.4,170
382.4,169
382.6,168
382.6,167
382.8,166
382.9,163
383,162
383.1,160
383.2,160
383.3,160
383.4,160
383.5,160
383.6,160
383.7,160
383.8,160
383.9,160
384,160
384.1,160
384.2,160
384.3,160
384.4,160
384.5,160
384.6,160
384.7,160
384.8,160
384.9,160
385,160
385.1,160
385.2,160
385.3,160
385.4,160
385.5,155
385.6,154
385.7,154
385.8,154
385.9,154
386,154
386.1,154
386.2,154
386.3,154
386.4,150
386.5,150
386.6,150
386.7,150
386.8,150
386.9,150
387,150
387.1,150
387.2,150
387.3,150
387.4,150
387.5,150
387.6,150
387.7,150
387.8,150
387.9,150
388,150
388.1,150
388.2,150
388.3,150
388.4,150
388.5,150
388.6,150
388.7,150
388.8,150
388.9,150
389,150
389.1,150
389.2,150
389.3,150
389.4,150
389.5,150
389.6,150
389.7,150
389.8,150
389.9,150
390,150
390.1,150
390.2,150
390.3,150
390.4,150
390.5,150
390.6,150
390.7,150
390.8,150
390.9,150
391,150
391.1,150
391.2,150
391.3,150
391.4,150
391.5,150
391.6,150
391.7,150
391.8,150
391.9,150
392,150
392.1,150
392.2,150
392.3,150
392.4,150
392.5,150
392.6,150
392.7,150
392.8,150
392.9,150
393,150
393.1,150
393.2,150
393.3,150
393.4,150
393.5,150
393.6,150
393.7,150
393.8,150
393.9,150
394,147
394.1,143
394.2,143
394.3,143
394.4,143
394.5,140
394.6,140
394.7,140
394.8,140
394.9,140
395,140
395.1,140
395.2,140
395.3,140
395.4,140
395.5,140
395.6,140
395.7,140
395.8,140
395.9,140
396,140
396.1,140
396.2,140
396.4,132
396.4,128
396.6,125
396.6,118
396.8,117
396.8,114
397,110
397,103
397.2,82
397.2,79
397.4,78
397.4,78
397.6,64
397.6,47
397.8,3
397.8,-52
398,-92
398,-120
398.2,-150
398.2,-166
398.4,-183
398.5,-189
398.6,-197
398.7,-207
398.8,-214
398.9,-220
399,-220
399.1,-220
399.2,-220
399.3,-220
399.4,-220
399.5,-220
399.6,-220
399.7,-220
399.8,-258
399.9,-298
400,-298
400.1,-298
400.2,-298
400.3,-298
400.4,-298
400.5,-298
400.6,-300
400.7,-300
400.8,-300
400.9,-300
401,-300
401.1,-300
401.2,-300
401.3,-300
401.4,-300
401.5,-300
401.6,-300
401.7,-300
401.8,-300
401.9,-300
402,-300
402.1,-300
402.2,-300
402.3,-300
402.4,-300
402.5,-300
402.6,-300
402.7,-300
402.8,-300
402.9,-300
403,-300
403.1,-300
403.2,-300
403.3,-300
403.4,-300
403.5,-300
403.6,-300
403.7,-300
403.8,-300
403.9,-300
404,-300
404.1,-300
404.2,-300
404.3,-300
404.4,-300
404.5,-300
404.6,-300
404.7,-300
404.8,-300
404.9,-300
405,-300
405.1,-300
405.2,-300
405.3,-300
405.4,-300
405.5,-300
405.6,-300
405.7,-300
405.8,-300
405.9,-300
406,-300
406.1,-300
406.2,-300
406.3,-300
406.4,-300
406.5,-300
406.6,-300
406.7,-300
406.8,-300
406.9,-300
407,-300
407.1,-300
407.2,-300
407.3,-300
407.4,-300
407.5,-300
407.6,-300
407.7,-300
407.8,-300
407.9,-300
408,-300
408.1,-300
408.2,-300
408.3,-300
408.4,-300
408.5,-300
408.6,-300
408.7,-300
408.8,-300
408.9,-300
409,-300
409.1,-300
409.2,-300
409.3,-300
409.4,-300
409.6,-300
409.6,-300
409.8,-300
409.8,-300
410,-300
410,-300
410.2,-300
410.2,-300
410.4,-300
410.4,-300
410.6,-300
410.6,-300
410.8,-300
410.8,-300
411,-300
411,-300
411.2,-300
411.2,-300
411.4,-300
411.4,-300
411.6,-300
411.6,-300
411.8,-300
411.8,-300
412,-300
412.1,-300
412.2,-300
412.3,-300
412.4,-300
412.5,-300
412.6,-300
412.7,-300
412.8,-300
412.9,-300
413,-300
413.1,-300
413.2,-300
413.3,-300
413.4,-300
413.5,-300
413.6,-300
413.7,-300
413.8,-300
413.9,-300
414,-300
414.1,-300
414.2,-300
414.3,-300
414.4,-300
414.5,-300
414.6,-300
414.7,-300
414.8,-300
414.9,-300
415,-300
415.1,-300
415.2,-300
415.3,-300
415.4,-300
415.5,-300
415.6,-300
415.7,-300
415.8,-300
415.9,-300
416,-300
416.1,-300
416.2,-300
416.3,-300
416.4,-300
416.5,-300
416.6,-300
416.7,-300
416.8,-300
416.9,-300
417,-300
417.1,-300
417.2,-300
417.3,-300
417.4,-300
417.5,-300
417.6,-300
417.7,-300
417.8,-300
417.9,-300
418,-300
418.1,-300
418.2,-300
418.3,-300
418.4,-300
418.5,-300
418.6,-300
418.7,-300
418.8,-300
418.9,-300
419,-300
419.1,-300
419.2,-300
419.3,-300
419.4,-300
419.5,-300
419.6,-300
419.7,-300
419.8,-300
419.9,-300
420,-300
420.1,-300
420.2,-300
420.3,-300
420.4,-300
420.5,-300
420.6,-300
420.7,-300
420.8,-300
420.9,-300
421,-300
421.1,-300
421.2,-300
421.3,-300
421.4,-300
421.5,-300
421.6,-300
421.7,-300
421.8,-300
421.9,-300
422,-300
422.1,-300
422.2,-300
422.3,-300
422.4,-300
422.5,-300
422.6,-300
422.7,-300
422.8,-300
422.9,-300
423,-300
423.1,-300
423.2,-300
423.3,-300
423.4,-300
423.5,-300
423.6,-300
423.8,-300
423.8,-300
424,-300
424,-300
424.2,-300
424.2,-300
424.4,-300
424.4,-300
424.6,-300
424.6,-300
424.8,-300
424.8,-300
425,-300
425,-300
425.2,-300
425.2,-300
425.4,-300
425.4,-300
425.6,-300
425.6,-300
425.8,-300
425.8,-300
426,-300
426,-300
426.2,-300
426.2,-300
426.4,-300
426.4,-300
426.6,-300
426.6,-300
426.8,-300
426.8,-300
427,-300
427,-300
427.2,-300
427.2,-300
427.4,-300
427.4,-300
427.6,-300
427.6,-300
427.8,-300
427.8,-300
428,-300
428,-300
428.2,-300
428.2,-300
428.4,-300
428.5,-300
428.6,-300
428.7,-300
428.8,-300
428.9,-300
429,-300
429.1,-300
429.2,-300
429.3,-300
429.4,-300
429.5,-300
429.6,-300
429.7,-300
429.8,-300
429.9,-300
430,-300
430.1,-300
430.2,-300
430.3,-300
430.4,-300
430.5,-300
430.6,-300
430.7,-300
430.8,-300
430.9,-300
431,-300
431.1,-300
431.2,-300
431.3,-300
431.4,-300
431.5,-300
431.6,-300
431.7,-300
431.8,-300
431.9,-300
432,-300
432.1,-300
432.2,-300
432.3,-300
432.4,-300
432.5,-300
432.6,-300
432.7,-300
432.8,-300
432.9,-300
433,-300
433.1,-300
433.2,-300
433.3,-300
433.4,-300
433.5,-300
433.6,-300
433.7,-300
433.8,-300
433.9,-300
434,-300
434.1,-300
434.2,-300
434.3,-300
434.4,-300
434.5,-300
434.6,-300
434.7,-300
434.8,-300
434.9,-300
435,-300
435.1,-300
435.2,-300
435.3,-300
435.4,-300
435.5,-300
435.6,-300
435.7,-300
435.8,-300
435.9,-300
436,-300
436.1,-300
436.2,-300
436.3,-300
436.4,-300
436.5,-300
436.6,-300
436.7,-300
436.8,-300
436.9,-300
437,-300
437.1,-300
437.2,-300
437.3,-300
437.4,-300
437.5,-300
437.6,-300
437.7,-300
437.8,-300
437.9,-300
438,-300
438.1,-300
438.2,-300
438.3,-300
438.4,-300
438.5,-300
438.6,-300
438.7,-300
438.8,-300
438.9,-300
439,-300
439.1,-300
439.2,-300
439.3,-300
439.4,-300
439.5,-300
439.6,-300
439.8,-300
439.8,-300
440,-300
440,-300
440.2,-300
440.2,-300
440.4,-300
440.4,-300
440.6,-300
440.6,-300
440.8,-300
440.8,-300
441,-300
441,-300
441.2,-300
441.2,-300
441.4,-300
441.4,-300
441.6,-300
441.6,-300
441.8,-300
441.8,-300
442,-300
442.1,-300
442.2,-300
442.3,-300
442.4,-300
442.5,-300
442.6,-300
442.7,-300
442.8,-300
442.9,-300
443,-300
443.1,-300
443.2,-300
443.3,-300
443.4,-300
443.5,-300
443.6,-300
443.7,-300
443.8,-300
443.9,-300
444,-300
444.1,-300
444.2,-300
444.3,-300
444.4,-300
444.5,-300
444.6,-300
444.7,-300
444.8,-300
444.9,-300
445,-300
445.1,-300
445.2,-300
445.3,-300
445.4,-300
445.5,-300
445.6,-300
445.7,-300
445.8,-300
445.9,-300
446,-300
446.1,-300
446.2,-300
446.3,-300
446.4,-300
446.5,-300
446.6,-300
446.7,-300
446.8,-300
446.9,-300
447,-300
447.1,-300
447.2,-300
447.3,-300
447.4,-300
447.5,-300
447.6,-300
447.7,-300
447.8,-300
447.9,-300
448,-300
448.1,-300
448.2,-300
448.3,-300
448.4,-300
448.5,-300
448.6,-300
448.7,-300
448.8,-300
448.9,-300
449,-300
449.1,-300
449.2,-300
449.3,-300
449.4,-300
449.5,-300
449.6,-300
449.7,-300
449.8,-300
449.9,-300
450,-300
450.1,-300
450.2,-300
450.3,-300
450.4,-300
450.5,-300
450.6,-300
450.7,-300
450.8,-300
450.9,-300
451,-300
451.1,-300
451.2,-300
451.3,-300
451.4,-300
451.5,-300
451.6,-300
451.7,-300
451.8,-300
451.9,-300
452,-300
452.1,-300
452.2,-300
452.3,-300
452.4,-300
452.6,-300
452.6,-300
452.8,-300
452.8,-300
453,-300
453,-300
453.2,-300
453.2,-300
453.4,-300
453.4,-300
453.6,-300
453.6,-300
453.8,-300
453.8,-300
454,-300
454,-300
454.2,-300
454.2,-300
454.4,-300
454.4,-300
454.6,-300
454.7,-300
454.8,-300
454.9,-300
455,-300
455.1,-300
455.2,-300
455.3,-300
455.4,-300
455.5,-300
455.6,-300
455.7,-300
455.8,-300
455.9,-300
456,-300
456,-300
456.2,-300
456.3,-300
456.4,-300
456.4,-300
456.6,-300
456.6,-300
456.8,-300
456.9,-300
457,-300
457.1,-300
457.2,-300
457.3,-300
457.4,-300
457.5,-300
457.6,-300
457.7,-300
457.8,-300
457.9,-300
458,-300
458.1,-300
458.2,-300
458.3,-300
458.4,-277
458.5,-229
458.6,-164
458.7,-62
458.8,-32
458.9,-22
459,4
459.1,19
459.2,19
459.3,19
459.4,19
459.5,24
459.6,27
459.7,27
459.8,27
459.9,27
460,31
460.1,34
460.2,26
460.3,-44
460.4,-116
460.5,-117
460.6,-117
460.7,-117
460.8,-117
460.9,-117
461,-117
461.1,-117
461.2,-117
461.3,-117
461.4,-117
461.5,-117
461.6,-117
461.7,-117
461.8,-117
461.9,-117
462,-113
462.1,-113
462.2,-113
462.3,-113
462.4,-124
462.5,-141
462.6,-141
462.7,-152
462.8,-154
462.9,-154
463,-154
463.1,-142
463.2,-117
463.3,-117
463.4,-117
463.5,-117
463.6,-117
463.7,-117
463.8,-117
463.9,-117
464,-117
464.1,-117
464.2,-117
464.3,-117
464.4,-117
464.5,-117
464.6,-117
464.7,-117
464.8,-117
464.9,-117
465,-117
465.1,-117
465.2,-118
465.3,-118
465.4,-118
465.5,-118
465.6,-120
465.7,-120
465.8,-120
465.9,-121
466,-121
466.1,-121
466.2,-121
466.3,-122
466.4,-122
466.5,-120
466.6,-109
466.7,-103
466.8,-103
466.9,-103
467,-103
467.1,-103
467.2,-103
467.4,-103
467.4,-103
467.6,-103
467.6,-102
467.8,-99
467.8,-94
468,-74
468,-53
468.2,-25
468.2,-21
468.4,-21
468.4,-21
468.6,-21
468.6,-21
468.8,-21
468.8,-21
469,-21
469,-21
469.2,-5
469.2,8
469.4,8
469.5,8
469.6,8
469.7,8
469.8,8
469.9,8
470,8
470.1,8
470.2,8
470.3,8
470.4,-1
470.5,-24
470.6,-28
470.7,-34
470.8,-55
470.9,-56
471,-57
471.1,-65
471.2,-67
471.3,-70
471.4,-70
471.5,-70
471.6,-70
471.7,-70
471.8,-70
471.9,-70
472,-70
472.1,-70
472.2,-73
472.3,-76
472.4,-81
472.5,-87
472.6,-93
472.7,-98
472.8,-113
472.9,-137
473,-163
473.1,-188
473.2,-211
473.3,-226
473.4,-250
473.5,-265
473.6,-277
473.7,-280
473.8,-280
473.9,-280
474,-280
474.1,-280
474.2,-280
474.3,-280
474.4,-280
474.5,-280
474.6,-280
474.7,-280
474.8,-280
474.9,-281
475,-281
475.1,-281
475.2,-281
475.3,-281
475.4,-281
475.5,-281
475.6,-281
475.7,-281
475.8,-281
475.9,-281
476,-281
476.1,-281
476.2,-281
476.3,-281
476.4,-281
476.5,-281
476.6,-281
476.7,-281
476.8,-281
476.9,-281
477,-281
477.1,-281
477.2,-281
477.3,-281
477.4,-281
477.5,-281
477.6,-281
477.7,-281
477.8,-281
477.9,-281
478,-281
478.1,-281
478.2,-281
478.3,-281
478.4,-281
478.5,-281
478.6,-279
478.7,-268
478.8,-259
478.9,-247
479,-225
479.1,-169
479.2,-150
479.3,-148
479.4,-134
479.5,-132
479.6,-132
479.7,-132
479.8,-132
479.9,-132
480,-132
480.2,-132
480.2,-132
480.4,-132
480.4,-132
480.6,-132
480.6,-132
480.8,-132
480.8,-132
481,-132
481,-132
481.2,-132
481.2,-132
481.4,-132
481.4,-132
481.6,-132
481.6,-90
481.8,20
481.8,25
482,25
482.1,26
482.2,37
482.3,48
482.4,57
482.5,57
482.6,57
482.7,57
482.8,56
482.9,50
483,50
483.1,56
483.2,61
483.3,63
483.4,63
483.5,86
483.6,98
483.7,98
483.8,98
483.9,98
484,98
484.1,95
484.2,95
484.3,95
484.4,95
484.5,95
484.6,95
484.7,95
484.8,95
484.9,95
485,95
485.1,95
485.2,95
485.3,95
485.4,95
485.5,95
485.6,95
485.7,95
485.8,95
485.9,95
486,95
486.1,95
486.2,95
486.3,95
486.4,95
486.5,95
486.6,95
486.7,95
486.8,95
486.9,95
487,95
487.1,95
487.2,95
487.3,95
487.4,95
487.5,95
487.6,95
487.7,95
487.8,95
487.9,95
488,95
488.1,95
488.2,95
488.3,95
488.4,95
488.5,95
488.6,95
488.7,95
488.8,95
488.9,95
489,95
489.1,95
489.2,95
489.3,95
489.4,95
489.5,95
489.6,95
489.7,95
489.8,95
489.9,95
490,95
490.1,95
490.2,95
490.3,95
490.4,95
490.5,95
490.6,95
490.7,95
490.8,95
490.9,95
491,95
491.1,95
491.2,95
491.3,95
491.4,95
491.5,95
491.6,95
491.7,95
491.8,95
491.9,95
492,95
492.1,95
492.2,95
492.3,95
492.4,95
492.6,95
492.6,95
492.8,95
492.8,95
493,95
493,95
493.2,95
493.2,95
493.4,95
493.4,95
493.6,95
493.6,95
493.8,95
493.8,95
494,95
494,95
494.2,99
494.2,99
494.4,121
494.4,123
494.6,124
494.6,124
494.8,124
494.8,125
495,125
495,125
495.2,125
495.2,125
495.4,126
495.4,127
495.6,139
495.6,142
495.8,142
495.8,142
496,142
496,142
496.2,142
496.2,142
496.4,142
496.5,142
496.6,142
496.7,142
496.8,142
496.9,142
497,142
497.1,142
497.2,142
497.3,142
497.4,142
497.5,142
497.6,142
497.7,142
497.8,142
497.9,142
498,142
498.1,142
498.2,142
498.3,142
498.4,142
498.5,142
498.6,142
498.7,140
498.8,138
498.9,138
499,138
499.1,138
499.2,134
499.3,134
499.4,132
499.5,131
499.6,126
499.7,126
499.8,126
499.9,126
500,126
500.1,126
500.2,126
500.3,126
500.4,126
500.5,126
500.6,126
500.7,126
500.8,126
500.9,126
501,126
501.1,126
501.2,126
501.3,126
501.4,126
501.5,126
501.6,126
501.7,126
501.8,129
501.9,150
502,155
502.1,155
502.2,155
502.3,155
502.4,155
502.5,155
502.6,155
502.7,155
502.8,155
502.9,155
503,155
503.1,155
503.2,155
503.3,155
503.4,155
503.5,155
503.6,155
503.7,155
503.8,155
503.9,155
504,155
504.1,155
504.2,155
504.3,155
504.4,155
504.5,155
504.6,155
504.7,155
504.8,155
504.9,155
505,155
505.1,155
505.2,155
505.3,155
505.4,155
505.5,155
505.6,155
505.7,155
505.8,155
505.9,155
506,155
506.1,155
506.2,155
506.3,155
506.4,155
506.5,155
506.6,155
506.7,155
506.8,155
506.9,155
507,155
507.1,155
507.2,155
507.3,155
507.4,155
507.6,155
507.6,155
507.8,155
507.8,155
508,155
508,155
508.2,155
508.2,155
508.4,155
508.4,155
508.6,155
508.6,155
508.8,155
508.8,155
509,155
509,154
509.2,154
509.2,154
509.4,153
509.5,153
509.6,153
509.7,153
509.8,153
509.9,153
510,153
510.1,153
510.2,153
510.3,153
510.4,153
510.5,153
510.6,153
510.7,153
510.8,153
510.9,153
511,153
511.1,153
511.2,153
511.3,147
511.4,142
511.5,135
511.6,130
511.7,129
511.8,127
511.9,127
512,127
512.1,127
512.2,126
512.3,126
512.4,126
512.5,126
512.6,126
512.7,126
512.8,126
512.9,126
513,126
513.1,126
513.2,126
513.3,126
513.4,126
513.5,126
513.6,126
513.7,126
513.8,126
513.9,126
514,126
514.1,126
514.2,126
514.3,126
514.4,126
514.5,126
514.6,126
514.7,126
514.8,126
514.9,126
515,126
515.1,126
515.2,126
515.3,126
515.4,126
515.5,126
515.6,126
515.7,126
515.8,126
515.9,126
516,126
516.1,126
516.2,126
516.3,126
516.4,126
516.5,126
516.6,126
516.7,126
516.8,126
516.9,126
517,126
517.1,126
517.2,126
517.3,126
517.4,126
517.5,126
517.6,126
517.7,126
517.8,126
517.9,126
518,126
518.1,126
518.2,126
518.3,126
518.4,126
518.5,126
518.6,126
518.7,126
518.8,126
518.9,126
519,126
519.1,126
519.2,126
519.3,126
519.4,126
519.5,126
519.6,126
519.7,126
519.8,126
519.9,126
520,126
520.1,126
520.2,126
520.3,126
520.4,126
520.6,126
520.6,126
520.8,126
520.8,126
521,126
521,126
521.2,126
521.2,126
521.4,131
521.4,132
521.6,132
521.6,132
521.8,132
521.8,132
522,132
522,132
522.2,132
522.2,132
522.4,132
522.4,132
522.6,132
522.7,132
522.8,132
522.9,132
523,132
523.1,132
523.2,132
523.3,132
523.4,132
523.5,132
523.6,132
523.6,132
523.8,131
523.8,131
524,131
524,131
524.2,131
524.2,131
524.4,131
524.4,131
524.6,130
524.7,130
524.8,130
524.9,130
525,130
525.1,130
525.2,130
525.3,130
525.4,130
525.5,130
525.6,130
525.7,130
525.8,130
525.9,130
526,130
526.1,130
526.2,130
526.3,130
526.4,130
526.5,130
526.6,130
526.7,130
526.8,130
526.9,130
527,130
527.1,130
527.2,130
527.3,130
527.4,130
527.5,130
527.6,130
527.7,130
527.8,130
527.9,130
528,130
528.1,130
528.2,130
528.3,130
528.4,130
528.5,130
528.6,130
528.7,130
528.8,130
528.9,130
529,130
529.1,130
529.2,130
529.3,130
529.4,130
529.5,130
529.6,130
529.7,130
529.8,130
529.9,130
530,130
530.1,130
530.2,130
530.3,130
530.4,130
530.5,130
530.6,130
530.7,130
530.8,130
530.9,130
531,130
531.1,130
531.2,130
531.3,130
531.4,130
531.5,130
531.6,130
531.7,130
531.8,130
531.9,130
532,130
532.1,130
532.2,130
532.3,130
532.4,130
532.5,130
532.6,130
532.7,130
532.8,130
532.9,130
533,130
533.1,130
533.2,130
533.3,130
533.4,130
533.5,130
533.6,130
533.7,130
533.8,130
533.9,130
534,130
534.1,130
534.2,130
534.3,130
534.4,130
534.5,130
534.6,130
534.7,130
534.8,130
534.9,130
535,130
535.1,130
535.2,130
535.3,130
535.4,130
535.5,130
535.6,130
535.7,130
535.8,130
535.9,130
536,130
536.1,130
536.2,130
536.3,130
536.4,130
536.5,130
536.6,130
536.8,130
536.8,130
537,130
537,130
537.1,130
537.2,130
537.4,130
537.4,130
537.6,130
537.6,130
537.8,130
537.8,130
538,130
538,130
538.2,130
538.2,130
538.4,130
538.4,130
538.6,130
538.6,130
538.8,130
538.8,130
539,130
539,130
539.2,130
539.3,130
539.4,130
539.5,130
539.6,130
539.7,130
539.8,130
539.9,130
540,123
540.1,102
540.2,80
540.3,50
540.4,46
540.5,46
540.6,46
540.7,46
540.8,46
540.9,46
541,46
541.1,46
541.2,46
541.3,45
541.4,43
541.5,43
541.6,42
541.7,35
541.8,19
541.9,17
542,6
542.1,-11
542.2,-30
542.3,-61
542.4,-79
542.5,-113
542.6,-113
542.7,-117
542.8,-165
542.9,-221
543,-224
543.1,-225
543.2,-225
543.3,-234
543.4,-222
543.5,-219
543.6,-219
543.7,-219
543.8,-219
543.9,-219
544,-219
544.1,-223
544.2,-228
544.3,-251
544.4,-274
544.5,-274
544.6,-274
544.7,-274
544.8,-274
544.9,-274
545,-274
545.1,-274
545.2,-274
545.3,-274
545.4,-274
545.5,-274
545.6,-274
545.7,-274
545.8,-274
545.9,-274
546,-274
546.1,-274
546.2,-274
546.3,-274
546.4,-274
546.5,-274
546.6,-274
546.7,-274
546.8,-274
546.9,-274
547,-274
547.1,-274
547.2,-274
547.3,-274
547.4,-274
547.5,-274
547.6,-274
547.7,-274
547.8,-274
547.9,-274
548,-274
548.1,-274
548.2,-277
548.3,-283
548.4,-283
548.5,-287
548.6,-287
548.7,-287
548.8,-287
548.9,-287
549,-287
549.1,-287
549.2,-287
549.3,-287
549.4,-287
549.5,-287
549.6,-287
549.7,-287
549.8,-287
549.9,-287
550,-287
550.1,-287
550.2,-287
550.3,-287
550.4,-287
550.6,-287
550.6,-287
550.8,-287
550.8,-287
551,-287
551,-287
551.2,-287
551.2,-287
551.4,-287
551.4,-287
551.6,-287
551.6,-287
551.8,-287
551.8,-287
552,-287
552,-287
552.2,-287
552.2,-287
552.4,-287
552.4,-287
552.6,-287
552.6,-287
552.8,-287
552.9,-287
553,-287
553.1,-287
553.2,-287
553.3,-287
553.4,-287
553.5,-287
553.6,-287
553.7,-287
553.8,-287
553.9,-287
554,-287
554.1,-287
554.2,-287
554.3,-287
554.4,-287
554.5,-287
554.6,-287
554.7,-287
554.8,-287
554.9,-287
555,-287
555.1,-287
555.2,-287
555.3,-287
555.4,-287
555.5,-287
555.6,-287
555.7,-287
555.8,-287
555.9,-287
556,-287
556.1,-287
556.2,-287
556.3,-287
556.4,-287
556.5,-287
556.6,-287
556.7,-287
556.8,-287
556.9,-287
557,-287
557.1,-287
557.2,-287
557.3,-287
557.4,-287
557.5,-287
557.6,-287
557.7,-287
557.8,-287
557.9,-287
558,-287
558.1,-287
558.2,-287
558.3,-287
558.4,-287
558.5,-287
558.6,-287
558.7,-287
558.8,-287
558.9,-287
559,-287
559.1,-287
559.2,-287
559.3,-287
559.4,-287
559.5,-287
559.6,-287
559.7,-287
559.8,-287
559.9,-287
560,-287
560.1,-287
560.2,-287
560.3,-287
560.4,-287
560.5,-287
560.6,-287
560.7,-287
560.8,-287
560.9,-287
561,-287
561.1,-287
561.2,-287
561.3,-287
561.4,-287
561.5,-287
561.6,-287
561.7,-287
561.8,-287
561.9,-287
562,-287
562.1,-287
562.2,-287
562.3,-287
562.4,-287
562.5,-287
562.6,-287
562.7,-287
562.8,-287
562.9,-287
563,-287
563.1,-287
563.2,-287
563.3,-287
563.4,-287
563.5,-287
563.6,-287
563.8,-287
563.8,-287
564,-287
564,-287
564.2,-287
564.2,-287
564.4,-287
564.4,-287
564.6,-287
564.6,-287
564.8,-287
564.8,-287
565,-287
565,-287
565.2,-287
565.2,-287
565.4,-287
565.4,-287
565.6,-287
565.6,-287
565.8,-287
565.8,-287
565.9,-287
566,-287
566.2,-287
566.2,-287
566.4,-287
566.4,-287
566.6,-287
566.6,-287
566.8,-287
566.8,-287
567,-287
567,-287
567.2,-287
567.2,-287
567.4,-287
567.4,-287
567.6,-287
567.6,-287
567.8,-287
567.8,-287
568,-287
568.1,-287
568.2,-287
568.3,-287
568.4,-287
568.5,-287
568.6,-287
568.7,-287
568.8,-287
568.9,-287
569,-287
569.1,-287
569.2,-287
569.3,-287
569.4,-287
569.5,-287
569.6,-287
569.7,-287
569.8,-287
569.9,-287
570,-287
570.1,-287
570.2,-287
570.3,-287
570.4,-287
570.5,-287
570.6,-287
570.7,-287
570.8,-287
570.9,-287
571,-287
571.1,-287
571.2,-287
571.3,-287
571.4,-287
571.5,-287
571.6,-287
571.7,-287
571.8,-287
571.9,-287
572,-287
572.1,-287
572.2,-287
572.3,-287
572.4,-287
572.5,-287
572.6,-287
572.7,-287
572.8,-287
572.9,-287
573,-287
573.1,-287
573.2,-287
573.3,-287
573.4,-287
573.5,-287
573.6,-287
573.7,-287
573.8,-287
573.9,-287
574,-287
574.1,-287
574.2,-287
574.3,-287
574.4,-287
574.5,-287
574.6,-287
574.7,-287
574.8,-287
574.9,-287
575,-287
575.1,-287
575.2,-287
575.3,-287
575.4,-287
575.5,-287
575.6,-287
575.7,-287
575.8,-287
575.9,-287
576,-286
576.1,-286
576.2,-286
576.3,-286
576.4,-276
576.5,-247
576.6,-229
576.7,-202
576.8,-151
576.9,-145
577,-145
577.1,-145
577.2,-145
577.3,-145
577.4,-145
577.5,-145
577.6,-145
577.7,-145
577.8,-145
577.9,-145
578,-145
578.1,-145
578.2,-145
578.3,-145
578.4,-145
578.5,-145
578.6,-145
578.7,-145
578.8,-144
578.9,-133
579,-123
579.2,-111
579.2,-82
579.4,-69
579.4,-58
579.6,-37
579.6,-9
579.8,-6
579.8,9
580,20
580,21
580.2,21
580.2,21
580.4,21
580.4,26
580.6,32
580.6,49
580.8,69
580.8,70
581,70
581,70
581.2,70
581.2,74
581.4,86
581.5,96
581.6,96
581.7,96
581.8,96
581.9,96
582,96
582.1,96
582.2,96
582.3,96
582.4,96
582.5,96
582.6,96
582.7,96
582.8,96
582.9,96
583,96
583.1,96
583.2,96
583.3,96
583.4,96
583.5,96
583.6,96
583.7,96
583.8,96
583.9,96
584,96
584.1,96
584.2,96
584.3,96
584.4,96
584.5,96
584.6,96
584.7,96
584.8,96
584.9,96
585,96
585.1,96
585.2,96
585.3,96
585.4,96
585.5,96
585.6,96
585.7,96
585.8,96
585.9,96
586,96
586.1,96
586.2,96
586.3,96
586.4,96
586.5,96
586.6,96
586.7,96
586.8,96
586.9,96
587,96
587.1,96
587.2,96
587.3,96
587.4,96
587.5,96
587.6,96
587.7,96
587.8,96
587.9,96
588,96
588.1,96
588.2,96
588.3,96
588.4,96
588.5,96
588.6,96
588.7,96
588.8,96
588.9,96
589,96
589.1,96
589.2,96
589.3,96
589.4,96
589.5,96
589.6,96
589.7,96
589.8,96
589.9,96
590,96
590.1,96
590.2,96
590.3,96
590.4,96
590.5,96
590.6,96
590.7,96
590.8,96
590.9,96
591,96
591.1,96
591.2,96
591.3,96
591.4,96
591.5,96
591.6,96
591.7,96
591.8,96
592,96
592,96
592.2,96
592.2,96
592.4,96
592.4,96
592.6,96
592.6,96
592.8,96
592.8,96
593,96
593,96
593.2,96
593.2,96
593.4,96
593.4,96
593.6,96
593.6,96
593.8,96
593.8,96
594,96
594,96
594.2,96
594.2,96
594.4,96
594.4,96
594.6,96
594.6,96
594.8,96
594.8,96
595,96
595,96
595.2,96
595.2,96
595.4,96
595.4,96
595.6,96
595.6,96
595.8,96
595.8,96
596,96
596,96
596.2,96
596.2,96
596.4,96
596.5,96
596.6,96
596.7,96
596.8,96
596.9,96
597,96
597.1,92
597.2,92
597.3,92
597.4,92
597.5,92
597.6,91
597.7,90
597.8,89
597.9,86
598,85
598.1,82
598.2,77
598.3,72
598.4,72
598.5,72
598.6,72
598.7,71
598.8,71
598.9,71
599,71
599.1,71
599.2,71
599.3,71
599.4,71
599.5,71
599.6,71
599.7,71
599.8,71
599.9,77
600,90
600.1,93
600.2,94
600.3,96
600.4,96
600.5,96
600.6,96
600.7,96
600.8,96
600.9,97
601,97
601.1,97
601.2,97
601.3,119
601.4,129
601.5,129
601.6,129
601.7,129
601.8,129
601.9,129
602,129
602.1,129
602.2,129
602.3,129
602.4,129
602.5,129
602.6,129
602.7,129
602.8,129
602.9,129
603,129
603.1,129
603.2,129
603.3,129
603.4,129
603.5,129
603.6,129
603.7,129
603.8,129
603.9,129
604,129
604.1,129
604.2,129
604.3,129
604.4,129
604.5,129
604.6,129
604.7,129
604.8,129
604.9,128
605,128
605.1,128
605.2,128
605.3,128
605.4,128
605.5,128
605.6,128
605.7,128
605.8,128
605.9,128
606,128
606.1,128
606.2,128
606.3,127
606.4,124
606.5,124
606.6,120
606.7,119
606.8,119
606.9,119
607,118
607.1,118
607.2,118
607.3,112
607.4,96
607.6,82
607.6,82
607.8,77
607.8,77
608,72
608,58
608.2,51
608.2,28
608.4,-75
608.4,-128
608.6,-170
608.6,-220
608.8,-236
608.8,-246
609,-264
609,-275
609.2,-280
609.2,-283
609.4,-283
609.4,-283
609.6,-283
609.6,-283
609.8,-283
609.8,-283
610,-283
610,-283
610.2,-283
610.3,-283
610.4,-283
610.5,-283
610.6,-283
610.7,-283
610.8,-283
610.9,-283
611,-283
611.1,-283
611.2,-283
611.3,-283
611.4,-283
611.5,-283
611.6,-283
611.7,-283
611.8,-283
611.9,-283
612,-283
612.1,-283
612.2,-283
612.3,-283
612.4,-283
612.5,-283
612.6,-283
612.7,-283
612.8,-283
612.9,-283
613,-283
613.1,-283
613.2,-283
613.3,-283
613.4,-283
613.5,-283
613.6,-283
613.7,-283
613.8,-283
613.9,-283
614,-283
614.1,-283
614.2,-283
614.3,-283
614.4,-283
614.5,-283
614.6,-283
614.7,-283
614.8,-283
614.9,-283
615,-283
615.1,-283
615.2,-283
615.3,-283
615.4,-283
615.5,-283
615.6,-283
615.7,-283
615.8,-283
615.9,-283
616,-283
616.1,-283
616.2,-283
616.3,-283
616.4,-283
616.5,-283
616.6,-283
616.7,-283
616.8,-283
616.9,-283
617,-283
617.1,-283
617.2,-283
617.3,-283
617.4,-283
617.5,-283
617.6,-283
617.7,-283
617.8,-283
617.9,-283
618,-283
618.1,-283
618.2,-283
618.3,-283
618.4,-283
618.5,-283
618.6,-283
618.7,-283
618.8,-283
618.9,-283
619,-283
619.1,-283
619.2,-283
619.3,-283
619.4,-283
619.5,-283
619.6,-283
619.7,-283
619.8,-283
619.9,-283
620,-283
620.2,-283
620.2,-283
620.4,-283
620.4,-283
620.6,-283
620.6,-283
620.8,-283
620.8,-283
621,-283
621,-283
621.2,-283
621.2,-283
621.4,-283
621.4,-283
621.6,-283
621.6,-283
621.8,-283
621.8,-283
622,-283
622,-283
622.2,-283
622.2,-283
622.4,-283
622.4,-283
622.6,-283
622.7,-283
622.8,-283
622.9,-283
623,-283
623.1,-283
623.2,-283
623.3,-283
623.4,-283
623.5,-283
623.6,-283
623.7,-283
623.8,-283
623.9,-283
624,-283
624.1,-283
624.2,-283
624.3,-283
624.4,-283
624.5,-283
624.6,-283
624.7,-283
624.8,-283
624.9,-283
625,-283
625.1,-283
625.2,-283
625.3,-283
625.4,-283
625.5,-283
625.6,-283
625.7,-283
625.8,-283
625.9,-283
626,-283
626.1,-283
626.2,-283
626.3,-283
626.4,-283
626.5,-283
626.6,-283
626.7,-283
626.8,-283
626.9,-283
627,-283
627.1,-283
627.2,-283
627.3,-283
627.4,-283
627.5,-283
627.6,-283
627.7,-283
627.8,-283
627.9,-283
628,-283
628.1,-283
628.2,-283
628.3,-283
628.4,-283
628.5,-283
628.6,-283
628.7,-283
628.8,-283
628.9,-283
629,-283
629.1,-283
629.2,-283
629.3,-283
629.4,-283
629.5,-283
629.6,-283
629.7,-283
629.8,-283
629.9,-283
630,-283
630.1,-283
630.2,-283
630.3,-283
630.4,-283
630.5,-283
630.6,-283
630.7,-283
630.8,-283
630.9,-283
631,-283
631.1,-283
631.2,-283
631.3,-283
631.4,-283
631.5,-283
631.6,-283
631.7,-283
631.8,-283
631.9,-283
632,-283
632.1,-283
632.2,-283
632.3,-283
632.4,-283
632.5,-283
632.6,-283
632.7,-283
632.8,-283
632.9,-283
633,-283
633.2,-283
633.2,-283
633.4,-283
633.4,-283
633.5,-283
633.6,-283
633.8,-283
633.8,-283
634,-283
634,-283
634.1,-283
634.2,-283
634.3,-283
634.4,-283
634.5,-283
634.6,-283
634.7,-283
634.8,-283
634.9,-283
635,-283
635.1,-283
635.2,-283
635.4,-283
635.4,-283
635.6,-283
635.6,-283
635.8,-283
635.8,-283
636,-283
636,-283
636.2,-283
636.2,-283
636.4,-283
636.4,-283
636.6,-283
636.6,-283
636.8,-283
636.8,-283
637,-283
637,-283
637.2,-283
637.2,-283
637.4,-283
637.5,-283
637.6,-283
637.7,-283
637.8,-283
637.9,-283
638,-283
638.1,-283
638.2,-283
638.3,-283
638.4,-283
638.5,-283
638.6,-283
638.7,-283
638.8,-283
638.9,-283
639,-283
639.1,-283
639.2,-283
639.3,-283
639.4,-283
639.5,-283
639.6,-283
639.7,-283
639.8,-283
639.9,-283
640,-283
640.1,-283
640.2,-283
640.3,-283
640.4,-283
640.5,-283
640.6,-283
640.7,-283
640.8,-283
640.9,-283
641,-283
641.1,-283
641.2,-283
641.3,-283
641.4,-283
641.5,-283
641.6,-283
641.7,-283
641.8,-283
641.9,-283
642,-283
642.1,-283
642.2,-283
642.3,-283
642.4,-283
642.5,-283
642.6,-283
642.7,-283
642.8,-283
642.9,-283
643,-283
643.1,-283
643.2,-283
643.3,-283
643.4,-283
643.5,-283
643.6,-283
643.7,-283
643.8,-283
643.9,-283
644,-283
644.1,-283
644.2,-283
644.3,-283
644.4,-283
644.5,-283
644.6,-283
644.7,-283
644.8,-283
644.9,-283
645,-283
645.1,-283
645.2,-283
645.3,-283
645.4,-283
645.5,-283
645.6,-283
645.7,-283
645.8,-283
645.9,-283
646,-283
646.1,-283
646.2,-283
646.3,-283
646.4,-283
646.5,-283
646.6,-283
646.7,-283
646.8,-283
646.9,-283
647,-283
647.1,-283
647.2,-283
647.3,-283
647.4,-283
647.5,-283
647.6,-283
647.8,-283
647.8,-283
648,-283
648,-283
648.2,-283
648.2,-283
648.4,-283
648.4,-283
648.6,-283
648.6,-283
648.8,-283
648.8,-283
649,-283
649,-283
649.2,-283
649.2,-283
649.4,-283
649.4,-283
649.6,-283
649.6,-283
649.8,-283
649.9,-283
650,-283
650.1,-283
650.2,-283
650.3,-283
650.4,-283
650.5,-283
650.6,-283
650.7,-283
650.8,-283
650.9,-283
651,-283
651.1,-283
651.2,-283
651.3,-283
651.4,-283
651.5,-283
651.6,-283
651.7,-283
651.8,-283
651.9,-283
652,-283
652.1,-283
652.2,-283
652.3,-283
652.4,-283
652.5,-283
652.6,-283
652.7,-283
652.8,-283
652.9,-283
653,-283
653.1,-283
653.2,-283
653.3,-283
653.4,-283
653.5,-283
653.6,-283
653.7,-283
653.8,-283
653.9,-283
654,-283
654.1,-283
654.2,-283
654.3,-296
654.4,-298
654.5,-298
654.6,-298
654.7,-298
654.8,-298
654.9,-298
655,-299
655.1,-300
655.2,-300
655.3,-300
655.4,-300
655.5,-300
655.6,-300
655.7,-300
655.8,-300
655.9,-300
656,-300
656.1,-300
656.2,-300
656.3,-300
656.4,-300
656.5,-300
656.6,-300
656.7,-300
656.8,-300
656.9,-300
657,-300
657.1,-300
657.2,-300
657.3,-300
657.4,-300
657.5,-300
657.6,-300
657.7,-300
657.8,-300
657.9,-300
658,-300
658.1,-300
658.2,-300
658.3,-300
658.4,-300
658.5,-300
658.6,-300
658.7,-300
658.8,-300
658.9,-300
659,-300
659.1,-300
659.2,-300
659.3,-300
659.4,-300
659.5,-300
659.6,-300
659.7,-300
659.8,-300
659.9,-300
660,-300
660.1,-300
660.2,-300
660.3,-300
660.4,-300
660.5,-300
660.6,-300
660.7,-300
660.8,-300
661,-300
661,-300
661.2,-300
661.2,-300
661.4,-300
661.4,-300
661.6,-300
661.6,-300
661.8,-300
661.8,-300
662,-300
662,-300
662.2,-300
662.2,-300
662.4,-300
662.4,-300
662.6,-300
662.6,-300
662.8,-300
662.8,-300
663,-300
663,-300
663.2,-300
663.2,-300
663.4,-300
663.4,-300
663.6,-300
663.6,-300
663.8,-300
663.8,-300
664,-300
664,-300
664.2,-300
664.2,-300
664.4,-300
664.4,-300
664.6,-300
664.6,-300
664.8,-300
664.8,-300
665,-300
665,-300
665.2,-300
665.2,-300
665.4,-300
665.5,-300
665.6,-300
665.7,-300
665.8,-300
665.9,-300
666,-300
666.1,-300
666.2,-300
666.3,-300
666.4,-300
666.5,-300
666.6,-300
666.7,-300
666.8,-300
666.9,-300
667,-300
667.1,-300
667.2,-300
667.3,-300
667.4,-300
667.5,-300
667.6,-300
667.7,-300
667.8,-300
667.9,-300
668,-300
668.1,-300
668.2,-300
668.3,-300
668.4,-300
668.5,-300
668.6,-300
668.7,-300
668.8,-300
668.9,-300
669,-300
669.1,-300
669.2,-300
669.3,-300
669.4,-300
669.5,-300
669.6,-300
669.7,-300
669.8,-300
669.9,-300
670,-300
670.1,-300
670.2,-300
670.3,-300
670.4,-300
670.5,-300
670.6,-300
670.7,-300
670.8,-300
670.9,-300
671,-300
671.1,-300
671.2,-300
671.3,-300
671.4,-300
671.5,-300
671.6,-300
671.7,-300
671.8,-300
671.9,-300
672,-300
672.1,-300
672.2,-300
672.3,-300
672.4,-300
672.5,-300
672.6,-300
672.7,-300
672.8,-300
672.9,-300
673,-300
673.1,-300
673.2,-300
673.3,-300
673.4,-300
673.5,-300
673.6,-300
673.7,-300
673.8,-300
673.9,-300
674,-300
674.1,-300
674.2,-300
674.3,-300
674.4,-300
674.5,-300
674.6,-300
674.7,-300
674.8,-300
674.9,-300
675,-300
675.1,-300
675.2,-300
675.3,-300
675.4,-300
675.5,-300
675.6,-300
675.7,-300
675.8,-300
676,-300
676,-300
676.2,-300
676.2,-300
676.4,-300
676.4,-300
676.6,-300
676.6,-300
676.8,-300
676.8,-300
677,-300
677,-300
677.2,-300
677.2,-300
677.4,-300
677.4,-300
677.6,-300
677.6,-300
677.8,-300
677.8,-300
678,-300
678,-300
678.2,-300
678.2,-300
678.4,-300
678.4,-300
678.6,-300
678.7,-300
678.8,-300
678.9,-300
679,-300
679.1,-300
679.2,-300
679.3,-300
679.4,-300
679.5,-300
679.6,-300
679.7,-300
679.8,-300
679.9,-300
680,-300
680.1,-300
680.2,-300
680.3,-300
680.4,-300
680.5,-300
680.6,-300
680.7,-300
680.8,-300
680.9,-300
681,-300
681.1,-300
681.2,-300
681.3,-300
681.4,-300
681.5,-300
681.6,-300
681.7,-300
681.8,-300
681.9,-300
682,-300
682.1,-300
682.2,-300
682.3,-300
682.4,-300
682.5,-300
682.6,-300
682.7,-300
682.8,-300
682.9,-300
683,-300
683.1,-300
683.2,-300
683.3,-300
683.4,-300
683.5,-300
683.6,-300
683.7,-300
683.8,-300
683.9,-300
684,-300
684.1,-300
684.2,-300
684.3,-300
684.4,-300
684.5,-300
684.6,-300
684.7,-300
684.8,-300
684.9,-300
685,-300
685.1,-300
685.2,-300
685.3,-300
685.4,-300
685.5,-300
685.6,-300
685.7,-300
685.8,-300
685.9,-300
686,-300
686.1,-300
686.2,-300
686.3,-300
686.4,-300
686.5,-300
686.6,-300
686.7,-300
686.8,-300
686.9,-300
687,-300
687.1,-300
687.2,-300
687.3,-300
687.4,-300
687.5,-300
687.6,-300
687.7,-300
687.8,-300
687.9,-300
688,-300
688.1,-300
688.2,-300
688.3,-300
688.4,-300
688.5,-300
688.6,-300
688.7,-300
688.8,-300
688.9,-300
689,-300
689.1,-300
689.2,-300
689.3,-300
689.4,-300
689.5,-300
689.6,-300
689.8,-300
689.8,-300
690,-300
690,-300
690.2,-300
690.2,-300
690.4,-300
690.4,-300
690.6,-300
690.6,-300
690.8,-300
690.8,-300
691,-300
691,-300
691.2,-300
691.2,-300
691.4,-300
691.4,-300
691.6,-300
691.6,-300
691.8,-300
691.9,-300
692,-300
692.1,-300
692.2,-300
692.3,-300
692.4,-300
692.5,-300
692.6,-300
692.7,-300
692.8,-300
692.9,-300
693,-300
693.1,-300
693.2,-300
693.3,-300
693.4,-300
693.5,-300
693.6,-300
693.7,-300
693.8,-300
693.9,-300
694,-300
694.1,-300
694.2,-300
694.3,-300
694.4,-300
694.5,-300
694.6,-300
694.7,-300
694.8,-300
694.9,-300
695,-300
695.1,-300
695.2,-300
695.3,-300
695.4,-300
695.5,-300
695.6,-300
695.7,-300
695.8,-300
695.9,-300
696,-300
696.1,-300
696.2,-300
696.3,-300
696.4,-300
696.5,-300
696.6,-300
696.7,-300
696.8,-300
696.9,-300
697,-300
697.1,-300
697.2,-300
697.3,-300
697.4,-300
697.5,-300
697.6,-300
697.7,-300
697.8,-300
697.9,-300
698,-300
698.1,-300
698.2,-300
698.3,-300
698.4,-300
698.5,-300
698.6,-300
698.7,-300
698.8,-300
698.9,-300
699,-300
699.1,-300
699.2,-300
699.3,-300
699.4,-300
699.5,-300
699.6,-300
699.7,-300
699.8,-300
699.9,-300
700,-300
700.1,-300
700.2,-300
700.3,-300
700.4,-300
700.5,-300
700.6,-300
700.7,-300
700.8,-300
700.9,-300
701,-300
701.1,-300
701.2,-300
701.3,-300
701.4,-300
701.5,-300
701.6,-300
701.7,-300
701.8,-300
701.9,-300
702,-300
702.1,-300
702.2,-300
702.3,-300
702.4,-300
702.5,-300
702.6,-300
702.7,-300
702.8,-300
703,-300
703,-300
703.1,-300
703.2,-300
703.3,-300
703.4,-300
703.5,-300
703.6,-300
703.7,-300
703.8,-300
703.9,-300
704,-300
704.1,-300
704.2,-300
704.3,-300
704.4,-300
704.5,-300
704.6,-300
704.7,-300
704.8,-300
705,-300
705,-300
705.2,-300
705.2,-300
705.4,-300
705.4,-300
705.6,-300
705.6,-300
705.8,-300
705.8,-300
706,-300
706,-300
706.2,-300
706.2,-300
706.4,-300
706.4,-300
706.6,-300
706.6,-300
706.8,-300
706.8,-300
707,-300
707.1,-300
707.2,-300
707.3,-300
707.4,-300
707.5,-300
707.6,-300
707.7,-300
707.8,-300
707.9,-300
708,-300
708.1,-300
708.2,-300
708.3,-300
708.4,-300
708.5,-300
708.6,-300
708.7,-300
708.8,-300
708.9,-300
709,-300
709.1,-300
709.2,-300
709.3,-300
709.4,-300
709.5,-300
709.6,-300
709.7,-300
709.8,-300
709.9,-300
710,-300
710.1,-300
710.2,-300
710.3,-300
710.4,-300
710.5,-300
710.6,-300
710.7,-300
710.8,-300
710.9,-300
711,-300
711.1,-300
711.2,-300
711.3,-300
711.4,-300
711.5,-300
711.6,-300
711.7,-300
711.8,-300
711.9,-300
712,-300
712.1,-300
712.2,-300
712.3,-300
712.4,-300
712.5,-300
712.6,-300
712.7,-300
712.8,-300
712.9,-300
713,-300
713.1,-300
713.2,-300
713.3,-300
713.4,-300
713.5,-300
713.6,-300
713.7,-300
713.8,-300
713.9,-300
714,-300
714.1,-300
714.2,-300
714.3,-300
714.4,-300
714.5,-300
714.6,-300
714.7,-300
714.8,-300
714.9,-300
715,-300
715.1,-300
715.2,-300
715.3,-300
715.4,-300
715.5,-300
715.6,-300
715.7,-300
715.8,-300
715.9,-300
716,-300
716.1,-300
716.2,-300
716.3,-300
716.4,-300
716.5,-300
716.6,-300
716.7,-300
716.8,-300
716.9,-300
717,-300
717.1,-300
717.2,-300
717.3,-300
717.4,-300
717.5,-300
717.6,-300
717.7,-300
717.8,-300
718,-300
718,-300
718.2,-300
718.2,-300
718.4,-300
718.4,-300
718.6,-300
718.6,-300
718.8,-300
718.8,-300
719,-300
719,-300
719.2,-300
719.2,-300
719.4,-300
719.4,-300
719.6,-300
719.6,-300
719.8,-300
719.8,-300
720,-300
720,-300
720.2,-300
720.3,-300
720.4,-300
720.5,-300
720.6,-300
720.7,-300
720.8,-300
720.9,-300
721,-300
721.1,-300
721.2,-300
721.3,-300
721.4,-300
721.5,-300
721.6,-300
721.7,-300
721.8,-300
721.9,-300
722,-300
722.1,-300
722.2,-300
722.3,-300
722.4,-300
722.5,-300
722.6,-300
722.7,-300
722.8,-300
722.9,-300
723,-300
723.1,-300
723.2,-300
723.3,-300
723.4,-300
723.5,-300
723.6,-300
723.7,-300
723.8,-300
723.9,-300
724,-300
724.1,-300
724.2,-300
724.3,-300
724.4,-300
724.5,-300
724.6,-300
724.7,-300
724.8,-300
724.9,-300
725,-300
725.1,-300
725.2,-300
725.3,-300
725.4,-300
725.5,-300
725.6,-300
725.7,-300
725.8,-300
725.9,-300
726,-300
726.1,-300
726.2,-300
726.3,-300
726.4,-300
726.5,-300
726.6,-300
726.7,-300
726.8,-300
726.9,-300
727,-300
727.1,-300
727.2,-300
727.3,-300
727.4,-300
727.5,-300
727.6,-300
727.7,-300
727.8,-300
727.9,-300
728,-300
728.1,-300
728.2,-300
728.3,-234
728.4,-209
728.5,-175
728.6,-145
728.7,-130
728.8,-111
728.9,-85
729,-48
729.1,-36
729.2,-3
729.3,55
729.4,57
729.5,60
729.6,74
729.7,85
729.8,85
729.9,85
730,85
730.1,85
730.2,85
730.3,85
730.4,60
730.5,-39
730.6,-106
730.8,-152
730.8,-197
731,-232
731,-295
731.2,-300
731.2,-300
731.4,-300
731.4,-300
731.6,-300
731.6,-300
731.8,-300
731.8,-300
732,-300
732,-300
732.2,-300
732.2,-300
732.4,-300
732.4,-300
732.6,-300
732.6,-300
732.8,-300
732.8,-300
733,-300
733,-300
733.2,-300
733.2,-300
733.4,-300
733.4,-300
733.6,-300
733.6,-300
733.8,-300
733.8,-300
734,-300
734,-300
734.2,-300
734.2,-300
734.4,-300
734.4,-300
734.6,-300
734.7,-300
734.8,-300
734.9,-300
735,-300
735.1,-300
735.2,-300
735.3,-300
735.4,-300
735.5,-300
735.6,-300
735.7,-300
735.8,-300
735.9,-300
736,-300
736.1,-300
736.2,-300
736.3,-300
736.4,-300
736.5,-300
736.6,-300
736.7,-300
736.8,-300
736.9,-300
737,-300
737.1,-300
737.2,-300
737.3,-300
737.4,-300
737.5,-300
737.6,-300
737.7,-300
737.8,-300
737.9,-300
738,-300
738.1,-300
738.2,-300
738.3,-300
738.4,-300
738.5,-300
738.6,-300
738.7,-300
738.8,-300
738.9,-300
739,-300
739.1,-300
739.2,-300
739.3,-300
739.4,-300
739.5,-300
739.6,-300
739.7,-300
739.8,-300
739.9,-300
740,-300
740.1,-300
740.2,-300
740.3,-300
740.4,-300
740.5,-300
740.6,-300
740.7,-300
740.8,-300
740.9,-300
741,-300
741.1,-300
741.2,-300
741.3,-300
741.4,-300
741.5,-300
741.6,-300
741.7,-300
741.8,-300
741.9,-300
742,-300
742.1,-300
742.2,-300
742.3,-300
742.4,-300
742.5,-300
742.6,-300
742.7,-300
742.8,-300
742.9,-300
743,-300
743.1,-300
743.2,-300
743.3,-300
743.4,-300
743.5,-300
743.6,-300
743.7,-300
743.8,-300
743.9,-300
744,-300
744.1,-300
744.2,-300
744.3,-300
744.4,-300
744.5,-300
744.6,-300
744.7,-300
744.8,-300
744.9,-300
745,-300
745.2,-300
745.2,-300
745.4,-300
745.4,-300
745.6,-300
745.6,-300
745.8,-300
745.8,-300
746,-300
746,-300
746.2,-300
746.2,-300
746.4,-300
746.4,-300
746.6,-300
746.6,-300
746.8,-300
746.8,-300
747,-300
747,-300
747.2,-300
747.3,-300
747.4,-300
747.5,-300
747.6,-300
747.7,-300
747.8,-300
747.9,-300
748,-300
748.1,-300
748.2,-300
748.3,-300
748.4,-300
748.5,-300
748.6,-300
748.7,-300
748.8,-300
748.9,-300
749,-300
749.1,-300
749.2,-300
749.3,-300
749.4,-300
749.5,-300
749.6,-300
749.7,-300
749.8,-300
749.9,-300
750,-300
750.1,-300
750.2,-300
750.3,-300
750.4,-300
750.5,-300
750.6,-300
750.7,-300
750.8,-300
750.9,-300
751,-300
751.1,-300
751.2,-300
751.3,-300
751.4,-300
751.5,-300
751.6,-300
751.7,-300
751.8,-300
751.9,-300
752,-300
752.1,-300
752.2,-300
752.3,-300
752.4,-300
752.5,-300
752.6,-300
752.7,-300
752.8,-300
752.9,-300
753,-300
753.1,-300
753.2,-300
753.3,-300
753.4,-300
753.5,-300
753.6,-300
753.7,-300
753.8,-300
753.9,-300
754,-300
754.1,-300
754.2,-300
754.3,-300
754.4,-300
754.5,-300
754.6,-300
754.7,-300
754.8,-300
754.9,-300
755,-300
755.1,-300
755.2,-300
755.3,-300
755.4,-300
755.5,-300
755.6,-300
755.7,-300
755.8,-300
755.9,-300
756,-300
756.1,-300
756.2,-300
756.3,-300
756.4,-300
756.5,-300
756.6,-300
756.7,-300
756.8,-300
756.9,-300
757,-300
757.1,-300
757.2,-300
757.3,-300
757.4,-300
757.5,-300
757.6,-300
757.7,-300
757.8,-300
757.9,-300
758,-300
758.2,-300
758.2,-300
758.4,-300
758.4,-300
758.6,-300
758.6,-300
758.8,-300
758.8,-300
759,-300
759,-300
759.2,-300
759.2,-300
759.4,-300
759.4,-300
759.5,-300
759.6,-300
759.8,-300
759.8,-300
760,-300
760.1,-300
760.2,-300
760.3,-300
760.4,-300
760.5,-300
760.6,-300
760.7,-300
760.8,-300
760.9,-300
761,-300
761.1,-300
761.2,-300
761.3,-300
761.4,-300
761.5,-300
761.6,-300
761.7,-300
761.8,-300
761.9,-300
762,-300
762.1,-300
762.2,-300
762.3,-300
762.4,-300
762.5,-300
762.6,-300
762.7,-300
762.8,-300
762.9,-300
763,-300
763.1,-300
763.2,-300
763.3,-300
763.4,-300
763.5,-300
763.6,-300
763.7,-300
763.8,-300
763.9,-300
764,-300
764.1,-300
764.2,-300
764.3,-300
764.4,-300
764.5,-300
764.6,-300
764.7,-300
764.8,-300
764.9,-300
765,-300
765.1,-300
765.2,-300
765.3,-300
765.4,-300
765.5,-300
765.6,-300
765.7,-300
765.8,-300
765.9,-300
766,-300
766.1,-300
766.2,-300
766.3,-300
766.4,-300
766.5,-300
766.6,-300
766.7,-300
766.8,-300
766.9,-300
767,-300
767.1,-300
767.2,-300
767.3,-300
767.4,-300
767.5,-300
767.6,-300
767.7,-300
767.8,-300
767.9,-300
768,-300
768.1,-300
768.2,-300
768.3,-300
768.4,-300
768.5,-300
768.6,-300
768.7,-300
768.8,-300
768.9,-300
769,-300
769.1,-275
769.2,-263
769.3,-255
769.4,-233
769.5,-211
769.6,-211
769.7,-210
769.8,-209
769.9,-200
770,-151
770.1,-99
770.2,-85
770.3,-75
770.4,-66
770.5,-60
770.6,-13
770.7,33
770.8,42
770.9,56
771,67
771.1,109
771.2,111
771.4,111
771.4,115
771.6,122
771.6,149
771.7,161
771.8,165
771.9,181
772,183
772.1,188
772.2,209
772.3,216
772.4,226
772.5,231
772.6,238
772.7,241
772.8,244
772.9,244
773,259
773.1,261
773.2,273
773.4,276
773.4,277
773.6,277
773.6,277
773.8,277
773.8,279
774,281
774,288
774.2,300
774.2,300
774.4,300
774.4,300
774.6,300
774.6,300
774.8,300
774.8,300
775,300
775,300
775.2,300
775.2,300
775.4,300
775.5,300
775.6,300
775.7,300
775.8,300
775.9,300
776,300
776.1,300
776.2,300
776.3,300
776.4,300
776.5,300
776.6,300
776.7,300
776.8,300
776.9,300
777,300
777.1,300
777.2,300
777.3,300
777.4,300
777.5,300
777.6,300
777.7,300
777.8,300
777.9,300
778,300
778.1,300
778.2,300
778.3,300
778.4,300
778.5,300
778.6,300
778.7,300
778.8,300
778.9,300
779,300
779.1,300
779.2,300
779.3,300
779.4,300
779.5,300
779.6,300
779.7,300
779.8,300
779.9,300
780,300
780.1,300
780.2,300
780.3,300
780.4,300
780.5,300
780.6,300
780.7,300
780.8,300
780.9,300
781,300
781.1,300
781.2,300
781.3,300
781.4,300
781.5,300
781.6,300
781.7,300
781.8,300
781.9,300
782,300
782.1,300
782.2,300
782.3,300
782.4,300
782.5,300
782.6,300
782.7,300
782.8,300
782.9,300
783,300
783.1,300
783.2,300
783.3,300
783.4,300
783.5,300
783.6,300
783.7,300
783.8,300
783.9,300
784,300
784.1,300
784.2,300
784.3,300
784.4,300
784.5,300
784.6,300
784.7,300
784.8,300
784.9,300
785,300
785.1,300
785.2,300
785.3,300
785.4,300
785.5,300
785.6,300
785.7,300
785.8,300
785.9,300
786,300
786.1,300
786.2,300
786.4,300
786.4,300
786.6,300
786.6,300
786.8,300
786.8,300
787,300
787,300
787.2,300
787.2,300
787.4,300
787.4,300
787.6,300
787.6,300
787.8,300
787.8,300
788,300
788,300
788.2,300
788.2,300
788.4,300
788.5,300
788.6,300
788.7,300
788.8,300
788.9,300
789,300
789.1,300
789.2,300
789.3,300
789.4,300
789.5,300
789.6,300
789.7,300
789.8,300
789.9,300
790,300
790.1,300
790.2,300
790.3,300
790.4,300
790.5,300
790.6,300
790.7,300
790.8,300
790.9,300
791,300
791.1,300
791.2,297
791.3,296
791.4,294
791.5,290
791.6,282
791.7,272
791.8,262
791.9,256
792,249
792.1,241
792.2,240
792.3,240
792.4,240
792.5,240
792.6,240
792.7,240
792.8,240
792.9,240
793,240
793.1,240
793.2,240
793.3,240
793.4,240
793.5,240
793.6,240
793.7,240
793.8,240
793.9,240
794,240
794.1,240
794.2,240
794.3,240
794.4,240
794.5,240
794.6,240
794.7,240
794.8,240
794.9,240
795,240
795.1,240
795.2,240
795.3,240
795.4,240
795.5,240
795.6,240
795.7,240
795.8,240
795.9,240
796,240
796.1,240
796.2,240
796.3,240
796.4,240
796.5,240
796.6,240
796.7,240
796.8,240
796.9,240
797,240
797.1,240
797.2,240
797.3,240
797.4,240
797.5,240
797.6,240
797.7,240
797.8,240
797.9,240
798,240
798.1,240
798.2,240
798.3,240
798.4,240
798.5,240
798.6,240
798.7,240
798.8,240
798.9,240
799,240
799.2,240
799.2,240
799.4,240
799.4,240
799.6,240
799.6,240
799.8,240
799.8,240
800,240
800,240
800.2,240
800.2,240
800.4,240
800.4,240
800.6,240
800.6,240
800.8,240
800.8,240
801,240
801,240
801.2,240
801.2,240
801.4,240
801.4,240
801.6,240
801.6,240
801.8,240
801.8,240
802,240
802,240
802.2,240
802.2,240
802.4,240
802.4,240
802.6,240
802.6,240
802.8,240
802.8,240
803,240
803,240
803.2,240
803.2,240
803.4,240
803.4,240
803.6,240
803.6,240
803.8,240
803.8,240
804,240
804.1,240
804.2,240
804.3,240
804.4,240
804.5,240
804.6,240
804.7,240
804.8,240
804.9,240
805,240
805.1,240
805.2,240
805.3,240
805.4,240
805.5,240
805.6,240
805.7,240
805.8,240
805.9,240
806,240
806.1,240
806.2,240
806.3,240
806.4,242
806.5,244
806.6,249
806.7,254
806.8,257
806.9,260
807,264
807.1,268
807.2,269
807.3,270
807.4,271
807.5,271
807.6,271
807.7,271
807.8,271
807.9,271
808,271
808.1,272
808.2,274
808.3,275
808.4,278
808.5,281
808.6,281
808.7,281
808.8,281
808.9,281
809,281
809.1,281
809.2,281
809.3,281
809.4,281
809.5,281
809.6,281
809.7,281
809.8,281
809.9,281
810,281
810.1,281
810.2,281
810.3,281
810.4,281
810.5,281
810.6,281
810.7,281
810.8,281
810.9,281
811,281
811.1,281
811.2,281
811.3,281
811.4,281
811.5,281
811.6,281
811.7,281
811.8,281
811.9,281
812,281
812.1,281
812.2,281
812.3,281
812.4,281
812.5,281
812.6,280
812.7,279
812.8,278
812.9,275
813,273
813.1,271
813.2,270
813.3,268
813.4,268
813.5,267
813.6,267
813.7,267
813.8,267
813.9,265
814,258
814.1,256
814.2,252
814.3,240
814.4,229
814.5,220
814.6,218
814.8,218
814.8,213
815,211
815,209
815.2,206
815.2,206
815.4,206
815.4,206
815.6,206
815.6,206
815.8,206
815.8,206
816,206
816,206
816.2,206
816.2,206
816.4,206
816.4,206
816.6,206
816.6,206
816.8,204
816.9,204
817,204
817.1,203
817.2,203
817.3,203
817.4,203
817.5,203
817.6,203
817.7,203
817.8,203
817.9,203
818,203
818.1,203
818.2,203
818.3,203
818.4,203
818.5,203
818.6,203
818.7,203
818.8,203
818.9,203
819,203
819.1,203
819.2,203
819.3,203
819.4,203
819.5,203
819.6,203
819.7,203
819.8,203
819.9,203
820,203
820.1,203
820.2,203
820.3,203
820.4,203
820.5,203
820.6,203
820.7,201
820.8,200
820.9,200
821,200
821.1,200
821.2,200
821.3,200
821.4,200
821.5,200
821.6,200
821.7,200
821.8,200
821.9,200
822,200
822.1,200
822.2,200
822.3,200
822.4,200
822.5,200
822.6,200
822.7,200
822.8,200
822.9,200
823,200
823.1,200
823.2,200
823.3,200
823.4,200
823.5,200
823.6,200
823.7,200
823.8,200
823.9,200
824,200
824.1,200
824.2,200
824.3,200
824.4,200
824.5,200
824.6,200
824.7,200
824.8,200
824.9,200
825,200
825.1,200
825.2,200
825.3,200
825.4,200
825.5,200
825.6,200
825.7,200
825.8,200
825.9,200
826,200
826.1,200
826.2,200
826.3,200
826.4,200
826.5,200
826.6,200
826.7,200
826.8,200
826.9,200
827,200
827.1,200
827.2,200
827.3,200
827.4,200
827.5,200
827.6,200
827.7,200
827.8,200
827.9,200
828,200
828.2,200
828.2,200
828.4,200
828.4,200
828.6,200
828.6,200
828.8,200
828.8,200
829,200
829,200
829.2,200
829.2,200
829.4,200
829.4,200
829.6,197
829.6,83
829.8,14
829.8,-98
830,-105
830,-105
830.2,-105
830.3,-105
830.4,-105
830.5,-105
830.6,-105
830.7,-298
830.8,-298
830.9,-298
831,-298
831.1,-298
831.2,-298
831.3,-298
831.4,-298
831.5,-298
831.6,-298
831.6,-298
831.8,-298
831.9,-298
832,-298
832.1,-298
832.2,-298
832.2,-298
832.4,-298
832.4,-298
832.6,-298
832.7,-298
832.8,-298
832.9,-298
833,-298
833.1,-298
833.2,-298
833.3,-298
833.4,-298
833.5,-298
833.6,-298
833.7,-298
833.8,-299
833.9,-299
834,-299
834.1,-299
834.2,-299
834.3,-299
834.4,-299
834.5,-299
834.6,-299
834.7,-299
834.8,-299
834.9,-299
835,-299
835.1,-299
835.2,-299
835.3,-299
835.4,-299
835.5,-299
835.6,-299
835.7,-299
835.8,-299
835.9,-300
836,-300
836.1,-300
836.2,-300
836.3,-300
836.4,-300
836.5,-300
836.6,-300
836.7,-300
836.8,-300
836.9,-300
837,-300
837.1,-300
837.2,-300
837.3,-300
837.4,-300
837.5,-300
837.6,-300
837.7,-300
837.8,-300
837.9,-300
838,-300
838.1,-300
838.2,-300
838.3,-300
838.4,-300
838.5,-300
838.6,-300
838.7,-300
838.8,-300
838.9,-300
839,-300
839.1,-300
839.2,-300
839.3,-300
839.4,-300
839.5,-300
839.6,-300
839.7,-300
839.8,-300
839.9,-300
840,-300
840.1,-300
840.2,-300
840.3,-300
840.4,-300
840.5,-300
840.6,-300
840.7,-300
840.8,-300
840.9,-300
841,-300
841.1,-300
841.2,-300
841.3,-300
841.4,-300
841.5,-300
841.6,-300
841.7,-300
841.8,-300
841.9,-300
842,-300
842.1,-300
842.2,-300
842.3,-300
842.4,-300
842.5,-300
842.6,-300
842.7,-300
842.8,-300
842.9,-300
843,-300
843.1,-300
843.2,-300
843.3,-300
843.4,-300
843.6,-300
843.6,-300
843.8,-300
843.8,-300
844,-300
844,-300
844.2,-300
844.2,-300
844.4,-300
844.4,-300
844.6,-300
844.6,-300
844.8,-300
844.8,-300
845,-300
845,-300
845.2,-300
845.2,-300
845.4,-300
845.4,-300
845.6,-300
845.6,-300
845.8,-300
845.9,-300
846,-300
846.1,-300
846.2,-300
846.3,-300
846.4,-300
846.5,-300
846.6,-300
846.7,-300
846.8,-300
846.9,-300
847,-300
847.1,-300
847.2,-300
847.3,-300
847.4,-300
847.5,-300
847.6,-300
847.7,-300
847.8,-300
847.9,-300
848,-300
848.1,-300
848.2,-300
848.3,-300
848.4,-300
848.5,-300
848.6,-300
848.7,-300
848.8,-300
848.9,-300
849,-300
849.1,-300
849.2,-300
849.3,-300
849.4,-300
849.5,-300
849.6,-300
849.7,-300
849.8,-300
849.9,-300
850,-300
850.1,-300
850.2,-300
850.3,-300
850.4,-300
850.5,-300
850.6,-300
850.7,-300
850.8,-300
850.9,-300
851,-300
851.1,-300
851.2,-300
851.3,-300
851.4,-300
851.5,-300
851.6,-300
851.7,-300
851.8,-300
851.9,-300
852,-300
852.1,-300
852.2,-300
852.3,-300
852.4,-300
852.5,-300
852.6,-300
852.7,-300
852.8,-300
852.9,-300
853,-300
853.1,-300
853.2,-300
853.3,-300
853.4,-300
853.5,-300
853.6,-300
853.7,-300
853.8,-300
853.9,-300
854,-300
854.1,-300
854.2,-300
854.3,-300
854.4,-300
854.5,-300
854.6,-300
854.7,-300
854.8,-300
854.9,-300
855,-300
855.1,-300
855.2,-300
855.3,-300
855.4,-300
855.5,-300
855.6,-300
855.7,-300
855.8,-300
855.9,-300
856,-300
856.1,-300
856.2,-300
856.3,-300
856.4,-300
856.5,-300
856.6,-300
856.7,-300
856.8,-300
856.9,-300
857,-300
857.1,-300
857.2,-300
857.4,-300
857.4,-300
857.6,-300
857.6,-300
857.8,-300
857.8,-300
858,-300
858,-300
858.2,-300
858.2,-300
858.4,-300
858.4,-300
858.6,-300
858.6,-300
858.8,-300
858.8,-300
859,-300
859,-300
859.2,-300
859.3,-300
859.4,-300
859.5,-300
859.6,-300
859.7,-300
859.8,-300
859.9,-300
860,-300
860.1,-300
860.2,-300
860.3,-300
860.4,-300
860.5,-300
860.6,-300
860.7,-300
860.8,-300
860.9,-300
861,-300
861.1,-300
861.2,-300
861.3,-300
861.4,-300
861.5,-300
861.6,-300
861.7,-300
861.8,-300
861.9,-300
862,-300
862.1,-300
862.2,-300
862.3,-300
862.4,-300
862.5,-300
862.6,-300
862.7,-300
862.8,-300
862.9,-300
863,-300
863.1,-300
863.2,-300
863.3,-300
863.4,-300
863.5,-300
863.6,-300
863.7,-300
863.8,-300
863.9,-300
864,-300
864.1,-300
864.2,-300
864.3,-300
864.4,-300
864.5,-300
864.6,-300
864.7,-300
864.8,-300
864.9,-300
865,-300
865.1,-300
865.2,-300
865.3,-300
865.4,-300
865.5,-300
865.6,-300
865.7,-300
865.8,-300
865.9,-300
866,-300
866.1,-300
866.2,-300
866.3,-300
866.4,-300
866.5,-300
866.6,-300
866.7,-300
866.8,-300
866.9,-300
867,-300
867.1,-300
867.2,-300
867.3,-300
867.4,-300
867.5,-300
867.6,-300
867.7,-300
867.8,-300
867.9,-300
868,-300
868.1,-300
868.2,-300
868.3,-300
868.4,-300
868.5,-300
868.6,-300
868.7,-300
868.8,-300
868.9,-300
869,-300
869.1,-300
869.2,-300
869.3,-300
869.4,-300
869.6,-300
869.6,-300
869.8,-300
869.8,-300
870,-300
870,-300
870.2,-300
870.2,-300
870.4,-300
870.4,-300
870.6,-300
870.6,-300
870.8,-300
870.8,-300
871,-300
871,-300
871.2,-300
871.2,-300
871.4,-300
871.4,-300
871.6,-300
871.6,-300
871.8,-300
871.8,-300
872,-300
872,-300
872.2,-300
872.2,-300
872.4,-300
872.4,-300
872.6,-300
872.6,-300
872.8,-300
872.8,-300
873,-300
873,-300
873.2,-300
873.2,-300
873.4,-300
873.4,-300
873.6,-300
873.7,-300
873.8,-300
873.9,-300
874,-300
874.1,-300
874.2,-300
874.3,-300
874.4,-300
874.5,-300
874.6,-300
874.7,-300
874.8,-300
874.9,-300
875,-300
875.1,-300
875.2,-300
875.3,-300
875.4,-300
875.5,-300
875.6,-300
875.7,-300
875.8,-300
875.9,-300
876,-300
876.1,-300
