Age,100
Gender,F
Seen,Y
Birth,26/02/1997
Education,With spouse
Movie,test.fg_av_eng_seg3.mkv
Experiment,Touch Synchrony
Tutorial1,1
Tutorial2,1
Time,X
0,0
0.1,0
0.2,0
0.3,0
0.4,0
0.5,0
0.6,0
0.7,0
0.8,0
0.9,0
0.9,0
0.9,0
0.9,0
1.2,0
1.4,-10
1.5,-16
1.6,-16
1.7,-16
1.8,-16
1.9,-16
2,-11
2.1,0
2.2,9
2.3,9
2.4,13
2.5,53
2.6,51
2.7,39
2.8,-4
2.9,-4
3,-6
3.2,-10
3.2,-10
3.4,-16
3.4,-41
3.6,-47
3.6,-59
3.8,-76
3.8,-82
4,-99
4,-101
4.2,-101
4.2,-101
4.4,-101
4.4,-101
4.6,-100
4.6,-98
4.8,-97
4.8,-97
5,-97
5.1,-97
5.2,-97
5.3,-97
5.4,-97
5.5,-97
5.6,-97
5.7,-97
5.8,-97
5.9,-97
6,-97
6.1,-97
6.2,-97
6.3,-97
6.4,-97
6.5,-97
6.6,-98
6.7,-98
6.8,-98
6.9,-98
7,-98
7.1,-99
7.2,-100
7.3,-101
7.4,-101
7.5,-101
7.6,-101
7.7,-101
7.8,-101
7.9,-101
8,-101
8.1,-101
8.2,-101
8.3,-101
8.4,-101
8.5,-101
8.6,-101
8.7,-101
8.8,-101
8.9,-101
9,-101
9.1,-98
9.2,-98
9.3,-98
9.4,-98
9.5,-98
9.6,-98
9.7,-98
9.8,-98
9.9,-98
10,-98
10.1,-107
10.2,-111
10.3,-117
10.4,-118
10.5,-118
10.6,-118
10.7,-118
10.8,-118
10.9,-118
11,-118
11.1,-118
11.2,-118
11.3,-118
11.4,-119
11.5,-124
11.6,-132
11.7,-135
11.8,-135
11.9,-135
12,-135
12.1,-135
12.2,-135
12.3,-135
12.4,-135
12.5,-135
12.6,-135
12.7,-135
12.8,-135
12.9,-135
13,-135
13.1,-135
13.2,-135
13.3,-135
13.4,-135
13.5,-135
13.6,-135
13.7,-135
13.8,-135
13.9,-135
14,-135
14.1,-135
14.2,-135
14.3,-135
14.4,-135
14.5,-135
14.6,-135
14.7,-136
14.8,-141
14.9,-141
15,-141
15.1,-141
15.2,-141
15.3,-141
15.4,-141
15.5,-141
15.6,-141
15.7,-141
15.8,-141
15.9,-141
16,-141
16.1,-141
16.2,-141
16.4,-141
16.4,-141
16.6,-141
16.6,-141
16.7,-141
16.8,-141
16.9,-142
17,-142
17.1,-142
17.2,-142
17.3,-142
17.4,-142
17.5,-142
17.6,-142
17.7,-142
17.8,-142
17.9,-142
18,-142
18.1,-142
18.2,-150
18.4,-154
18.4,-154
18.6,-154
18.6,-154
18.8,-154
18.8,-154
19,-154
19,-154
19.2,-153
19.2,-152
19.4,-151
19.4,-151
19.6,-151
19.6,-151
19.8,-151
19.8,-151
20,-151
20,-152
20.2,-153
20.2,-153
20.4,-153
20.4,-153
20.6,-153
20.6,-153
20.8,-153
20.9,-153
21,-153
21.1,-153
21.2,-153
21.3,-153
21.4,-153
21.5,-153
21.6,-153
21.7,-153
21.8,-153
21.9,-153
22,-153
22.1,-153
22.2,-153
22.3,-153
22.4,-153
22.5,-153
22.6,-153
22.7,-153
22.8,-153
22.9,-153
23,-153
23.1,-153
23.2,-153
23.3,-153
23.4,-153
23.5,-153
23.6,-153
23.7,-153
23.8,-153
23.9,-153
24,-153
24.1,-153
24.2,-153
24.3,-153
24.4,-153
24.5,-153
24.6,-153
24.7,-153
24.8,-153
24.9,-153
25,-153
25.1,-153
25.2,-153
25.3,-153
25.4,-153
25.5,-153
25.6,-153
25.7,-153
25.8,-153
25.9,-153
26,-153
26.1,-153
26.2,-153
26.3,-153
26.4,-153
26.5,-153
26.6,-153
26.7,-153
26.8,-153
26.9,-153
27,-153
27.1,-153
27.2,-153
27.3,-153
27.4,-153
27.5,-153
27.6,-153
27.7,-153
27.8,-153
27.9,-153
28,-153
28.1,-153
28.2,-153
28.3,-153
28.4,-153
28.5,-153
28.6,-153
28.7,-153
28.8,-153
28.9,-153
29,-153
29.1,-153
29.2,-153
29.3,-153
29.4,-153
29.5,-153
29.6,-153
29.7,-153
29.8,-153
29.9,-153
30,-153
30.1,-153
30.2,-153
30.3,-153
30.4,-153
30.5,-153
30.6,-153
30.7,-153
30.8,-153
30.9,-153
31,-153
31.1,-152
31.2,-150
31.3,-150
31.4,-150
31.5,-150
31.6,-150
31.7,-150
31.8,-149
31.9,-149
32,-147
32.1,-154
32.2,-165
32.3,-300
32.4,-300
32.5,-300
32.6,-300
32.8,-300
32.8,-287
33,-268
33,-239
33.2,-223
33.2,-221
33.4,-218
33.4,-217
33.6,-217
33.6,-217
33.8,-217
33.8,-219
34,-219
34,-219
34.2,-219
34.2,-219
34.4,-219
34.4,-219
34.6,-219
34.6,-219
34.8,-219
34.9,-219
35,-219
35.1,-219
35.2,-219
35.3,-219
35.4,-219
35.5,-219
35.6,-219
35.7,-219
35.8,-219
35.9,-219
36,-219
36.1,-219
36.2,-219
36.3,-219
36.4,-219
36.5,-219
36.6,-219
36.7,-219
36.8,-219
36.9,-219
37,-219
37.1,-219
37.2,-219
37.3,-219
37.4,-219
37.5,-219
37.6,-219
37.7,-219
37.8,-219
37.9,-219
38,-219
38.1,-219
38.2,-219
38.3,-219
38.4,-219
38.5,-219
38.6,-219
38.7,-219
38.8,-219
38.9,-219
39,-219
39.1,-219
39.2,-219
39.3,-219
39.4,-219
39.5,-219
39.6,-219
39.7,-219
39.8,-219
39.9,-219
40,-219
40.1,-219
40.2,-219
40.3,-219
40.4,-219
40.5,-219
40.6,-219
40.7,-219
40.8,-219
40.9,-219
41,-219
41.1,-219
41.2,-219
41.3,-219
41.4,-219
41.5,-219
41.6,-219
41.7,-219
41.8,-219
41.9,-219
42,-219
42.1,-219
42.2,-219
42.3,-219
42.4,-219
42.5,-219
42.6,-219
42.7,-219
42.8,-219
42.9,-219
43,-219
43.1,-219
43.2,-219
43.3,-219
43.4,-219
43.5,-219
43.6,-219
43.7,-219
43.8,-219
43.9,-219
44,-219
44.1,-219
44.2,-219
44.3,-219
44.4,-219
44.5,-219
44.6,-219
44.7,-219
44.8,-219
44.9,-219
45,-219
45.1,-219
45.2,-219
45.3,-219
45.4,-219
45.5,-219
45.6,-219
45.8,-219
45.8,-219
46,-219
46,-219
46.2,-219
46.2,-219
46.4,-219
46.4,-219
46.6,-219
46.6,-219
46.8,-219
46.8,-219
47,-219
47,-219
47.2,-219
47.2,-219
47.4,-219
47.4,-219
47.6,-213
47.6,-210
47.8,-209
47.8,-207
48,-203
48,-198
48.2,-183
48.2,-160
48.4,-142
48.4,-121
48.6,-98
48.6,-71
48.8,-45
48.8,-17
49,9
49,27
49.2,39
49.2,47
49.4,48
49.4,48
49.6,45
49.6,23
49.8,20
49.8,15
50,13
50,13
50.2,13
50.2,13
50.4,13
50.4,12
50.6,12
50.6,12
50.8,12
50.9,12
51,12
51.1,12
51.2,12
51.3,12
51.4,12
51.5,12
51.6,12
51.7,12
51.8,12
51.9,12
52,9
52.1,4
52.2,-3
52.3,-5
52.4,-5
52.5,-5
52.6,-5
52.7,-5
52.8,-5
52.9,-5
53,-5
53.1,-5
53.2,-5
53.3,-5
53.4,-5
53.5,-5
53.6,-5
53.7,-6
53.8,-24
53.9,-35
54,-41
54.1,-49
54.2,-57
54.3,-63
54.4,-77
54.5,-98
54.6,-120
54.7,-146
54.8,-167
54.9,-173
55,-177
55.1,-177
55.2,-177
55.3,-177
55.4,-177
55.5,-177
55.6,-177
55.7,-177
55.8,-177
55.9,-177
56,-177
56.1,-177
56.2,-177
56.3,-177
56.4,-177
56.5,-177
56.6,-177
56.7,-177
56.8,-177
56.9,-177
57,-177
57.1,-177
57.2,-177
57.3,-177
57.4,-177
57.5,-177
57.6,-177
57.7,-177
57.8,-177
57.9,-177
58,-177
58.1,-177
58.2,-177
58.3,-177
58.4,-177
58.5,-177
58.6,-177
58.7,-177
58.8,-177
58.9,-177
59,-177
59.1,-177
59.2,-177
59.3,-177
59.4,-177
59.5,-177
59.6,-177
59.7,-177
59.8,-177
59.9,-177
60,-177
60.1,-177
60.2,-177
60.3,-177
60.4,-177
60.5,-177
60.6,-177
60.7,-177
60.8,-177
60.9,-177
61,-177
61.1,-177
61.2,-177
61.3,-177
61.4,-177
61.5,-177
61.6,-177
61.8,-177
61.8,-177
62,-177
62,-177
62.2,-177
62.2,-177
62.4,-177
62.4,-177
62.6,-177
62.6,-177
62.8,-177
62.8,-177
63,-177
63,-177
63.2,-177
63.2,-119
63.4,-52
63.4,-22
63.6,-5
63.6,17
63.8,27
63.9,36
64,71
64.1,84
64.2,117
64.3,132
64.4,132
64.5,132
64.6,132
64.7,138
64.8,138
64.9,138
65,138
65.1,138
65.2,138
65.3,138
65.4,138
65.5,138
65.6,138
65.7,138
65.8,138
65.9,138
66,138
66.1,138
66.2,138
66.3,138
66.4,138
66.5,138
66.6,138
66.7,138
66.8,138
66.9,138
67,138
67.1,138
67.2,138
67.3,138
67.4,138
67.5,138
67.6,138
67.7,138
67.8,138
67.9,138
68,138
68.1,138
68.2,138
68.3,138
68.4,138
68.5,138
68.6,138
68.7,138
68.8,138
68.9,138
69,138
69.1,138
69.2,138
69.3,138
69.4,138
69.5,138
69.6,138
69.7,138
69.8,138
69.9,138
70,138
70.1,138
70.2,138
70.3,141
70.4,143
70.5,146
70.6,152
70.7,167
70.8,169
70.9,169
71,169
71.1,169
71.2,169
71.3,169
71.4,169
71.5,169
71.6,169
71.7,169
71.8,169
71.9,169
72,169
72.1,169
72.2,169
72.3,167
72.4,166
72.5,166
72.6,166
72.7,164
72.8,163
72.9,162
73,162
73.1,162
73.2,162
73.3,162
73.4,162
73.5,162
73.6,162
73.7,162
73.8,162
73.9,162
74,162
74.2,162
74.2,162
74.4,162
74.4,162
74.6,162
74.6,162
74.8,162
74.8,162
75,162
75,162
75.2,162
75.2,162
75.4,162
75.4,162
75.6,162
75.6,162
75.8,162
75.8,162
76,162
76,162
76.2,162
76.2,162
76.4,162
76.4,162
76.6,162
76.6,162
76.8,162
76.9,162
77,162
77.1,162
77.2,162
77.3,162
77.4,162
77.5,162
77.6,162
77.7,162
77.8,162
77.9,162
78,162
78.1,162
78.2,162
78.3,162
78.4,162
78.4,162
78.6,162
78.6,162
78.8,162
78.9,162
79,162
79.1,162
79.2,162
79.3,162
79.4,162
79.5,162
79.6,162
79.7,162
79.8,162
79.9,162
80,162
80.1,162
80.2,162
80.3,162
80.4,162
80.5,162
80.6,162
80.7,162
80.8,162
80.9,162
81,162
81.1,162
81.2,162
81.3,162
81.4,162
81.5,162
81.6,162
81.7,162
81.8,111
81.9,92
82,47
82.1,2
82.2,-26
82.3,-52
82.4,-64
82.5,-86
82.6,-103
82.7,-105
82.8,-115
82.9,-115
83,-116
83.1,-116
83.2,-116
83.3,-116
83.4,-116
83.5,-116
83.6,-116
83.7,-116
83.8,-116
83.9,-116
84,-116
84.1,-156
84.2,-165
84.3,-177
84.4,-183
84.5,-183
84.6,-183
84.7,-183
84.8,-183
84.9,-183
85,-183
85.1,-183
85.2,-183
85.3,-183
85.4,-183
85.5,-183
85.6,-183
85.7,-183
85.8,-183
85.9,-183
86,-183
86.1,-183
86.2,-183
86.3,-183
86.4,-183
86.5,-183
86.6,-183
86.7,-183
86.8,-183
86.9,-183
87,-183
87.1,-183
87.2,-183
87.3,-183
87.4,-183
87.5,-183
87.6,-183
87.7,-183
87.8,-183
87.9,-183
88,-183
88.1,-183
88.2,-183
88.3,-183
88.4,-183
88.5,-183
88.6,-183
88.7,-183
88.8,-183
88.9,-183
89,-183
89.2,-183
89.2,-183
89.4,-183
89.4,-183
89.6,-183
89.6,-183
89.8,-183
89.8,-183
90,-183
90,-183
90.2,-183
90.2,-183
90.4,-183
90.4,-183
90.6,-183
90.6,-183
90.8,-183
90.8,-183
91,-183
91,-183
91.2,-183
91.3,-183
91.4,-183
91.5,-183
91.6,-183
91.7,-183
91.8,-183
91.9,-183
92,-183
92.1,-183
92.2,-183
92.3,-183
92.4,-183
92.5,-183
92.6,-183
92.7,-183
92.8,-183
92.9,-183
93,-183
93.1,-183
93.2,-183
93.3,-183
93.4,-183
93.5,-183
93.6,-183
93.7,-183
93.8,-183
93.9,-183
94,-183
94.1,-183
94.2,-183
94.3,-183
94.4,-183
94.5,-183
94.6,-183
94.7,-183
94.8,-183
94.9,-183
95,-183
95.1,-183
95.2,-183
95.3,-183
95.4,-183
95.5,-183
95.6,-159
95.7,-124
95.8,-104
95.9,-92
96,-61
96.1,-30
96.2,-8
96.3,67
96.4,76
96.5,89
96.6,109
96.7,109
96.8,109
96.9,110
97,112
97.1,115
97.2,119
97.3,119
97.4,119
97.5,119
97.6,119
97.7,119
97.8,119
97.9,119
98,119
98.1,119
98.2,119
98.3,119
98.4,119
98.5,119
98.6,119
98.7,119
98.8,119
98.9,119
99,119
99.1,119
99.2,119
99.3,119
99.4,119
99.5,119
99.6,119
99.7,119
99.8,119
99.9,119
100,119
100.1,119
100.2,119
100.3,119
100.4,119
100.5,119
100.6,119
100.7,119
100.8,119
100.9,119
101,119
101.1,119
101.2,119
101.3,119
101.4,119
101.5,119
101.6,119
101.7,119
101.8,119
101.9,119
102,119
102.1,119
102.2,119
102.3,119
102.4,119
102.5,119
102.6,119
102.8,119
102.8,119
103,119
103,119
103.2,119
103.2,119
103.4,119
103.4,119
103.6,119
103.6,119
103.8,119
103.8,119
104,119
104,119
104.2,119
104.2,119
104.4,119
104.5,119
104.6,119
104.7,119
104.8,119
104.9,119
105,119
105.1,119
105.2,119
105.3,119
105.4,119
105.5,119
105.6,119
105.7,119
105.8,119
105.9,119
106,119
106.1,120
106.2,140
106.3,142
106.4,169
106.5,176
106.6,177
106.7,179
106.8,180
106.9,181
107,182
107.1,182
107.2,182
107.3,182
107.4,182
107.5,182
107.6,182
107.7,182
107.8,182
107.9,182
108,182
108.1,182
108.2,182
108.3,182
108.4,182
108.5,182
108.6,182
108.7,182
108.8,182
108.9,182
109,182
109.1,182
109.2,182
109.3,182
109.4,182
109.5,182
109.6,182
109.7,182
109.8,182
109.9,182
110,182
110.1,182
110.2,182
110.3,182
110.4,182
110.5,182
110.6,182
110.7,182
110.8,182
110.9,182
111,182
111.1,182
111.2,182
111.3,182
111.4,182
111.5,182
111.6,182
111.7,182
111.8,182
111.9,182
112,182
112.1,182
112.2,182
112.3,182
112.4,182
112.5,182
112.6,182
112.7,182
112.8,182
112.9,182
113,182
113.1,182
113.2,182
113.3,182
113.4,182
113.5,182
113.6,182
113.7,182
113.8,182
113.9,182
114,182
114.1,182
114.2,182
114.3,182
114.4,182
114.5,182
114.6,182
114.7,182
114.8,182
114.9,182
115,182
115.1,182
115.2,182
115.3,182
115.4,182
115.6,182
115.6,182
115.8,182
115.8,182
116,182
116,182
116.2,182
116.2,182
116.4,182
116.4,182
116.6,182
116.6,182
116.8,182
116.8,182
117,182
117,182
117.2,182
117.2,182
117.4,182
117.4,182
117.6,182
117.6,182
117.8,182
117.8,182
118,182
118,182
118.2,182
118.2,182
118.4,182
118.4,182
118.6,182
118.6,182
118.8,182
118.8,182
119,182
119,182
119.2,182
119.2,182
119.4,182
119.4,182
119.6,182
119.6,182
119.8,182
119.8,182
120,182
120,182
120.2,182
120.2,182
120.4,182
120.5,182
120.6,182
120.7,182
120.8,182
120.9,182
121,182
121.1,182
121.2,182
121.3,182
121.4,182
121.5,182
121.6,182
121.7,182
121.8,116
121.9,74
122,8
122.1,-66
122.2,-120
122.3,-162
122.4,-184
122.5,-199
122.6,-213
122.7,-213
122.8,-213
122.9,-213
123,-213
123.1,-213
123.2,-213
123.3,-213
123.4,-213
123.5,-213
123.6,-213
123.7,-213
123.8,-213
123.9,-213
124,-213
124.1,-213
124.2,-213
124.3,-213
124.4,-213
124.5,-213
124.6,-213
124.7,-213
124.8,-213
124.9,-213
125,-213
125.1,-213
125.2,-213
125.3,-213
125.4,-213
125.5,-213
125.6,-213
125.7,-213
125.8,-213
125.9,-213
126,-213
126.1,-213
126.2,-213
126.3,-213
126.4,-213
126.5,-213
126.6,-213
126.7,-213
126.8,-213
126.9,-213
127,-213
127.1,-213
127.2,-213
127.3,-213
127.4,-213
127.5,-213
127.6,-213
127.7,-213
127.8,-213
127.9,-213
128,-213
128.1,-213
128.2,-213
128.3,-213
128.4,-213
128.5,-213
128.6,-213
128.7,-213
128.8,-213
128.9,-213
129,-213
129.1,-213
129.2,-213
129.3,-213
129.4,-213
129.5,-213
129.6,-213
129.7,-213
129.8,-213
129.9,-213
130,-213
130.1,-213
130.2,-213
130.3,-213
130.4,-213
130.5,-213
130.6,-213
130.7,-213
130.8,-213
130.9,-213
130.9,-213
130.9,-213
131.2,-213
131.4,-213
131.4,-213
131.6,-213
131.6,-213
131.8,-213
131.8,-213
132,-213
132,-213
132.2,-213
132.2,-213
132.4,-213
132.4,-213
132.6,-213
132.6,-213
132.8,-213
132.8,-213
133,-213
133,-213
133.2,-213
133.3,-213
133.4,-213
133.5,-213
133.6,-213
133.7,-213
133.8,-213
133.9,-213
134,-213
134.1,-213
134.2,-213
134.3,-213
134.4,-213
134.5,-213
134.6,-213
134.7,-213
134.8,-213
134.9,-213
135,-213
135.1,-213
135.2,-213
135.3,-213
135.4,-213
135.5,-213
135.6,-213
135.7,-213
135.8,-213
135.9,-213
136,-213
136.1,-213
136.2,-213
136.3,-213
136.4,-213
136.5,-213
136.6,-213
136.7,-213
136.8,-213
136.9,-213
137,-213
137.1,-213
137.2,-213
137.3,-213
137.4,-213
137.5,-213
137.6,-213
137.7,-213
137.8,-213
137.9,-213
138,-213
138.1,-213
138.2,-213
138.3,-213
138.4,-213
138.5,-213
138.6,-213
138.7,-213
138.8,-213
138.9,-213
139,-213
139.1,-213
139.2,-213
139.3,-213
139.4,-213
139.5,-213
139.6,-213
139.7,-213
139.8,-213
139.9,-213
140,-213
140.1,-213
140.2,-213
140.3,-213
140.4,-213
140.5,-213
140.6,-213
140.7,-213
140.8,-213
140.9,-213
141,-213
141.1,-213
141.2,-213
141.3,-213
141.4,-213
141.5,-213
141.6,-213
141.7,-213
141.8,-213
141.9,-213
142,-213
142.1,-213
142.2,-213
142.3,-213
142.4,-213
142.5,-213
142.6,-213
142.7,-213
142.8,-213
142.9,-213
143,-213
143.1,-213
143.2,-213
143.3,-213
143.4,-213
143.5,-213
143.6,-213
143.7,-213
143.8,-213
144,-213
144,-213
144.2,-213
144.2,-213
144.4,-213
144.4,-213
144.6,-213
144.6,-213
144.8,-213
144.8,-213
145,-213
145,-213
145.2,-213
145.2,-213
145.4,-213
145.4,-213
145.6,-213
145.6,-213
145.8,-213
145.8,-213
146,-213
146,-213
146.2,-213
146.2,-213
146.4,-213
146.5,-213
146.6,-213
146.7,-213
146.8,-213
146.8,-213
147,-213
147,-213
147.2,-213
147.2,-213
147.4,-213
147.4,-213
147.6,-213
147.6,-213
147.8,-213
147.8,-213
148,-213
148,-213
148.2,-213
148.2,-213
148.4,-213
148.5,-213
148.6,-213
148.7,-213
148.8,-213
148.9,-213
149,-213
149.1,-213
149.2,-213
149.3,-213
149.4,-213
149.5,-213
149.6,-213
149.7,-213
149.8,-213
149.9,-213
150,-213
150.1,-213
150.2,-213
150.3,-213
150.4,-213
150.5,-213
150.6,-213
150.7,-213
150.8,-213
150.9,-213
151,-213
151.1,-213
151.2,-213
151.3,-213
151.4,-213
151.5,-213
151.6,-213
151.7,-213
151.8,-213
151.9,-213
152,-213
152.1,-213
152.2,-213
152.3,-213
152.4,-213
152.5,-213
152.6,-213
152.7,-213
152.8,-213
152.9,-213
153,-213
153.1,-213
153.2,-213
153.3,-213
153.4,-213
153.5,-213
153.6,-213
153.7,-213
153.8,-213
153.9,-213
154,-213
154.1,-213
154.2,-213
154.3,-213
154.4,-213
154.5,-213
154.6,-213
154.7,-213
154.8,-213
154.9,-213
155,-213
155.1,-213
155.2,-213
155.3,-213
155.4,-213
155.5,-213
155.6,-213
155.7,-213
155.8,-213
155.9,-213
156,-213
156.1,-213
156.2,-213
156.3,-213
156.4,-213
156.5,-213
156.6,-213
156.7,-213
156.8,-213
156.9,-213
157,-213
157.1,-213
157.2,-213
157.3,-213
157.4,-213
157.5,-213
157.6,-213
157.7,-213
157.8,-213
157.9,-213
158,-213
158.1,-213
158.2,-213
158.3,-213
158.4,-213
158.5,-213
158.6,-213
158.7,-213
158.8,-213
158.9,-213
159,-213
159.2,-213
159.2,-213
159.4,-213
159.4,-213
159.6,-213
159.6,-213
159.8,-213
159.8,-213
160,-213
160,-213
160.2,-213
160.2,-213
160.4,-213
160.4,-213
160.6,-213
160.6,-213
160.8,-213
160.8,-213
161,-213
161,-213
161.2,-213
161.2,-213
161.4,-213
161.5,-213
161.6,-213
161.7,-213
161.8,-213
161.9,-213
162,-213
162.1,-213
162.2,-213
162.3,-213
162.4,-213
162.5,-213
162.6,-213
162.7,-213
162.8,-213
162.9,-213
163,-213
163.1,-213
163.2,-213
163.3,-213
163.4,-213
163.5,-213
163.6,-213
163.7,-213
163.8,-213
163.9,-213
164,-213
164.1,-213
164.2,-213
164.3,-213
164.4,-213
164.5,-213
164.6,-213
164.7,-213
164.8,-213
164.9,-213
165,-213
165.1,-213
165.2,-213
165.3,-213
165.4,-213
165.5,-213
165.6,-213
165.7,-213
165.8,-213
165.9,-213
166,-213
166.1,-213
166.2,-213
166.3,-213
166.4,-213
166.5,-213
166.6,-213
166.7,-213
166.8,-213
166.9,-213
167,-213
167.1,-213
167.2,-213
167.3,-213
167.4,-213
167.5,-213
167.6,-213
167.7,-213
167.8,-213
167.9,-213
168,-213
168.1,-213
168.2,-213
168.3,-213
168.4,-213
168.5,-213
168.6,-213
168.7,-213
168.8,-213
168.9,-213
169,-213
169.1,-213
169.2,-213
169.3,-213
169.4,-213
169.5,-213
169.6,-213
169.7,-213
169.8,-213
169.9,-213
170,-213
170.1,-213
170.2,-213
170.3,-213
170.4,-213
170.5,-213
170.6,-213
170.7,-213
170.8,-213
170.9,-213
171,-213
171.1,-213
171.2,-213
171.3,-213
171.4,-213
171.5,-213
171.6,-213
171.7,-213
171.8,-213
171.9,-213
172,-213
172.2,-213
172.2,-213
172.4,-213
172.4,-213
172.6,-213
172.6,-213
172.8,-213
172.8,-213
173,-213
173,-213
173.2,-213
173.2,-213
173.4,-213
173.4,-213
173.6,-213
173.6,-213
173.8,-213
173.8,-213
174,-213
174,-213
174.2,-213
174.2,-213
174.4,-213
174.4,-213
174.6,-213
174.7,-213
174.8,-213
174.9,-213
175,-213
175.1,-213
175.2,-213
175.3,-213
175.4,-213
175.5,-213
175.6,-213
175.7,-213
175.8,-213
175.9,-213
176,-213
176.1,-213
176.2,-213
176.3,-213
176.4,-213
176.5,-213
176.6,-213
176.7,-213
176.8,-213
176.9,-213
177,-213
177.1,-213
177.2,-213
177.3,-213
177.4,-213
177.5,-213
177.6,-213
177.7,-213
177.8,-213
177.9,-213
178,-213
178.1,-213
178.2,-213
178.3,-213
178.4,-213
178.5,-213
178.6,-213
178.7,-213
178.8,-213
178.9,-213
179,-213
179.1,-213
179.2,-213
179.3,-213
179.4,-213
179.5,-213
179.6,-213
179.7,-213
179.8,-213
179.9,-213
180,-213
180.1,-213
180.2,-213
180.3,-213
180.4,-213
180.5,-213
180.6,-213
180.7,-213
180.8,-213
180.9,-213
181,-213
181.1,-213
181.2,-213
181.3,-213
181.4,-213
181.5,-213
181.6,-213
181.7,-213
181.8,-213
181.9,-213
182,-213
182.1,-213
182.2,-213
182.3,-213
182.4,-213
182.5,-213
182.6,-213
182.7,-213
182.8,-213
182.9,-213
183,-213
183.1,-213
183.2,-213
183.3,-213
183.4,-213
183.5,-213
183.6,-213
183.7,-213
183.8,-213
183.9,-213
184,-213
184.1,-213
184.2,-213
184.3,-213
184.4,-213
184.5,-213
184.6,-213
184.7,-213
184.8,-213
184.9,-213
185,-213
185.1,-213
185.2,-213
185.3,-213
185.4,-213
185.5,-213
185.6,-213
185.8,-213
185.8,-213
186,-213
186,-213
186.2,-213
186.2,-213
186.4,-213
186.4,-213
186.6,-213
186.6,-213
186.8,-213
186.8,-213
187,-213
187,-213
187.2,-213
187.2,-213
187.4,-213
187.4,-213
187.6,-213
187.6,-213
187.8,-213
187.8,-213
187.9,-213
188,-213
188.2,-213
188.2,-213
188.4,-213
188.4,-213
188.6,-213
188.6,-213
188.8,-213
188.8,-213
189,-213
189,-213
189.2,-213
189.2,-213
189.4,-213
189.4,-213
189.6,-213
189.6,-213
189.8,-213
189.8,-213
190,-213
190,-213
190.2,-213
190.3,-213
190.4,-213
190.5,-213
190.6,-213
190.7,-213
190.8,-213
190.9,-213
191,-213
191.1,-213
191.2,-213
191.3,-213
191.4,-213
191.5,-213
191.6,-213
191.7,-213
191.8,-213
191.9,-213
192,-213
192.1,-213
192.2,-213
192.3,-213
192.4,-213
192.5,-213
192.6,-213
192.7,-213
192.8,-213
192.9,-213
193,-213
193.1,-213
193.2,-213
193.3,-213
193.4,-213
193.5,-213
193.6,-213
193.7,-213
193.8,-213
193.9,-213
194,-213
194.1,-213
194.2,-213
194.3,-213
194.4,-213
194.5,-213
194.6,-213
194.7,-213
194.8,-213
194.9,-213
195,-213
195.1,-213
195.2,-213
195.3,-213
195.4,-213
195.5,-213
195.6,-213
195.7,-213
195.8,-213
195.9,-213
196,-213
196.1,-213
196.2,-213
196.3,-213
196.4,-213
196.5,-213
196.6,-213
196.7,-213
196.8,-213
196.9,-213
197,-213
197.1,-213
197.2,-213
197.3,-213
197.4,-213
197.5,-213
197.6,-213
197.7,-213
197.8,-213
197.9,-213
198,-213
198.1,-213
198.2,-213
198.3,-213
198.4,-213
198.5,-213
198.6,-213
198.7,-213
198.8,-213
198.9,-213
199,-213
199.1,-213
199.2,-213
199.3,-213
199.4,-213
199.5,-213
199.6,-213
199.7,-213
199.8,-213
199.9,-213
200,-213
200.1,-213
200.2,-213
200.3,-213
200.4,-213
200.5,-213
200.6,-213
200.7,-213
200.8,-213
200.9,-213
201,-213
201.1,-213
201.2,-213
201.3,-213
201.4,-213
201.5,-213
201.6,-213
201.8,-213
201.8,-213
201.9,-213
202,-213
202.1,-213
202.2,-213
202.4,-213
202.4,-213
202.6,-213
202.6,-213
202.8,-213
202.8,-213
203,-213
203,-213
203.2,-213
203.2,-213
203.4,-213
203.4,-213
203.6,-213
203.6,-213
203.8,-213
203.8,-213
204,-213
204,-213
204.2,-213
204.3,-213
204.4,-213
204.5,-213
204.6,-213
204.7,-213
204.8,-213
204.9,-213
205,-213
205.1,-213
205.2,-213
205.3,-213
205.4,-213
205.5,-213
205.6,-213
205.7,-213
205.8,-213
205.9,-213
206,-213
206.1,-213
206.2,-213
206.3,-213
206.4,-213
206.5,-213
206.6,-213
206.7,-213
206.8,-213
206.9,-213
207,-213
207.1,-213
207.2,-213
207.3,-213
207.4,-213
207.5,-213
207.6,-213
207.7,-213
207.8,-213
207.9,-213
208,-213
208.1,-213
208.2,-213
208.3,-213
208.4,-213
208.5,-213
208.6,-213
208.7,-213
208.8,-213
208.9,-213
209,-213
209.1,-213
209.2,-213
209.3,-213
209.4,-213
209.5,-213
209.6,-213
209.7,-213
209.8,-213
209.9,-213
210,-213
210.1,-213
210.2,-213
210.3,-213
210.4,-213
210.5,-213
210.6,-213
210.7,-213
210.8,-213
210.9,-213
211,-213
211.1,-213
211.2,-213
211.3,-213
211.4,-213
211.5,-213
211.6,-213
211.7,-213
211.8,-213
211.9,-213
212,-213
212.1,-213
212.2,-213
212.3,-213
212.4,-213
212.5,-213
212.6,-213
212.7,-213
212.8,-213
212.9,-213
213,-213
213.1,-213
213.2,-213
213.3,-213
213.4,-213
213.5,-213
213.6,-213
213.7,-213
213.8,-213
213.9,-213
214,-213
214.1,-213
214.2,-213
214.3,-213
214.4,-213
214.5,-213
214.6,-213
214.7,-213
214.8,-213
214.9,-213
215,-213
215.1,-213
215.2,-213
215.3,-213
215.4,-213
215.5,-213
215.6,-213
215.7,-213
215.8,-213
215.9,-213
216,-213
216.1,-213
216.2,-213
216.3,-213
216.4,-213
216.6,-213
216.6,-213
216.8,-213
216.8,-213
217,-213
217,-213
217.2,-213
217.2,-213
217.4,-213
217.4,-213
217.6,-213
217.6,-213
217.8,-213
217.8,-213
218,-213
218,-213
218.2,-213
218.2,-213
218.4,-213
218.4,-213
218.6,-213
218.6,-213
218.8,-213
218.8,-213
219,-213
219,-213
219.2,-213
219.2,-213
219.4,-213
219.4,-213
219.6,-213
219.6,-213
219.8,-213
219.8,-213
220,-213
220,-213
220.2,-213
220.2,-213
220.4,-213
220.4,-213
220.6,-213
220.6,-213
220.8,-213
220.8,-213
221,-213
221,-213
221.2,-213
221.3,-213
221.4,-213
221.5,-213
221.6,-213
221.7,-213
221.8,-213
221.9,-213
222,-213
222.1,-213
222.2,-213
222.3,-213
222.4,-213
222.5,-213
222.6,-213
222.7,-213
222.8,-213
222.9,-213
223,-219
223.1,-279
223.2,-279
223.3,-279
223.4,-279
223.5,-266
223.6,-184
223.7,-184
223.8,-205
223.9,-231
224,-231
224.1,-231
224.2,-235
224.3,-237
224.4,-240
224.5,-248
224.6,-249
224.7,-249
224.8,-249
224.9,-249
225,-249
225.1,-249
225.2,-249
225.3,-249
225.4,-249
225.5,-249
225.6,-249
225.7,-249
225.8,-249
225.9,-249
226,-249
226.1,-249
226.2,-249
226.3,-249
226.4,-249
226.5,-249
226.6,-249
226.7,-249
226.8,-249
226.9,-249
227,-249
227.1,-249
227.2,-249
227.3,-249
227.4,-249
227.5,-249
227.6,-249
227.7,-249
227.8,-249
227.9,-249
228,-249
228.1,-249
228.2,-249
228.3,-249
228.4,-249
228.5,-249
228.6,-249
228.7,-249
228.8,-249
228.9,-249
229,-249
229.1,-249
229.2,-249
229.3,-249
229.4,-249
229.5,-249
229.6,-249
229.7,-249
229.8,-249
229.9,-249
230,-249
230.1,-249
230.2,-249
230.3,-249
230.4,-249
230.5,-249
230.6,-249
230.7,-249
230.8,-249
230.9,-249
231,-249
231.1,-249
231.2,-249
231.3,-249
231.4,-249
231.5,-249
231.6,-249
231.7,-249
231.8,-249
231.9,-249
232,-249
232.1,-249
232.2,-249
232.3,-249
232.4,-249
232.6,-249
232.6,-249
232.8,-249
232.8,-249
233,-249
233,-249
233.2,-249
233.2,-249
233.4,-249
233.4,-249
233.6,-249
233.6,-249
233.8,-249
233.8,-249
234,-249
234,-249
234.2,-249
234.2,-249
234.4,-249
234.5,-249
234.6,-249
234.7,-249
234.8,-249
234.9,-249
235,-249
235.1,-249
235.2,-249
235.3,-249
235.4,-249
235.5,-249
235.6,-249
235.7,-249
235.8,-249
235.9,-249
236,-249
236.1,-249
236.2,-249
236.3,-249
236.4,-249
236.5,-249
236.6,-249
236.7,-249
236.8,-249
236.9,-249
237,-249
237.1,-249
237.2,-249
237.3,-249
237.4,-249
237.5,-249
237.6,-249
237.7,-249
237.8,-249
237.9,-249
238,-249
238.1,-249
238.2,-249
238.3,-249
238.4,-249
238.5,-249
238.6,-249
238.7,-249
238.8,-249
238.9,-249
239,-249
239.1,-249
239.2,-248
239.3,-248
239.4,-247
239.5,-246
239.6,-245
239.7,-245
239.8,-245
239.9,-245
240,-245
240.1,-245
240.2,-245
240.3,-245
240.4,-245
240.5,-245
240.6,-245
240.7,-245
240.8,-245
240.9,-245
241,-245
241.1,-245
241.2,-245
241.3,-245
241.4,-245
241.5,-245
241.6,-245
241.7,-245
241.8,-245
241.9,-245
242,-245
242.1,-245
242.2,-245
242.3,-245
242.4,-245
242.5,-245
242.6,-245
242.7,-245
242.8,-245
242.9,-245
243,-245
243.1,-245
243.2,-245
243.3,-245
243.4,-245
243.5,-245
243.6,-245
243.7,-245
243.8,-245
243.9,-245
244,-245
244.1,-245
244.2,-245
244.3,-245
244.4,-245
244.5,-245
244.6,-245
244.7,-245
244.8,-245
244.9,-245
245,-245
245.1,-245
245.2,-245
245.3,-245
245.4,-245
245.6,-245
245.6,-245
245.8,-245
245.8,-245
246,-245
246,-245
246.2,-219
246.2,-135
246.4,-114
246.4,-98
246.6,-65
246.6,-3
246.8,19
246.8,36
247,64
247,92
247.2,100
247.2,103
247.4,103
247.4,103
247.6,103
247.6,103
247.8,103
247.9,103
248,103
248.1,56
248.2,48
248.3,48
248.4,48
248.5,48
248.6,48
248.7,48
248.8,48
248.9,48
249,48
249.1,48
249.2,48
249.3,48
249.4,48
249.5,56
249.6,67
249.7,67
249.8,67
249.9,67
250,67
250.1,67
250.2,67
250.3,67
250.4,67
250.5,67
250.6,67
250.7,67
250.8,67
250.9,67
251,67
251.1,67
251.2,67
251.3,59
251.4,47
251.5,10
251.6,-37
251.7,-62
251.8,-94
251.9,-119
252,-121
252.1,-129
252.2,-146
252.3,-148
252.4,-148
252.5,-148
252.6,-147
252.7,-141
252.8,-141
252.9,-141
253,-141
253.1,-141
253.2,-141
253.3,-141
253.4,-141
253.5,-141
253.6,-141
253.7,-141
253.8,-141
253.9,-141
254,-141
254.1,-141
254.2,-141
254.3,-141
254.4,-141
254.5,-141
254.6,-141
254.7,-141
254.8,-141
254.9,-141
255,-141
255.1,-141
255.2,-141
255.3,-141
255.4,-141
255.5,-141
255.6,-141
255.7,-141
255.8,-141
255.9,-141
256,-141
256.1,-141
256.2,-141
256.3,-141
256.4,-141
256.5,-141
256.6,-141
256.7,-141
256.8,-141
256.9,-141
257,-141
257.1,-141
257.2,-141
257.3,-141
257.4,-141
257.5,-141
257.6,-141
257.7,-141
257.8,-141
257.9,-141
258,-141
258.1,-141
258.2,-141
258.3,-141
258.4,-141
258.5,-141
258.6,-141
258.7,-141
258.8,-141
258.9,-141
259,-141
259.1,-141
259.2,-141
259.3,-141
259.4,-141
259.5,-141
259.6,-141
259.7,-141
259.8,-141
259.9,-141
260,-141
260.1,-141
260.2,-141
260.3,-141
260.4,-141
260.6,-141
260.6,-141
260.8,-141
260.8,-141
261,-141
261,-141
261.2,-141
261.2,-141
261.4,-141
261.4,-141
261.6,-141
261.6,-141
261.8,-141
261.8,-141
262,-141
262,-82
262.2,-31
262.2,29
262.4,79
262.4,79
262.6,75
262.6,83
262.8,87
262.9,87
263,87
263.1,88
263.2,90
263.3,90
263.4,90
263.5,90
263.6,90
263.7,90
263.8,90
263.9,90
264,90
264.1,90
264.2,90
264.3,90
264.4,90
264.5,90
264.6,90
264.7,90
264.8,90
264.9,90
265,91
265.1,96
265.2,101
265.3,109
265.4,144
265.5,144
265.6,144
265.7,144
265.8,144
265.9,144
266,144
266.1,144
266.2,144
266.3,144
266.4,144
266.5,144
266.6,144
266.7,144
266.8,144
266.9,144
267,145
267.1,145
267.2,145
267.3,145
267.4,145
267.5,145
267.6,145
267.7,145
267.8,145
267.9,145
268,145
268.1,145
268.2,145
268.3,145
268.4,145
268.5,145
268.6,145
268.7,145
268.8,145
268.9,145
269,145
269.1,145
269.2,145
269.3,145
269.4,145
269.5,145
269.6,148
269.7,148
269.8,148
269.9,148
270,148
270.1,148
270.2,148
270.3,148
270.4,148
270.5,148
270.6,148
270.7,148
270.8,148
270.9,148
271,148
271.1,148
271.2,148
271.3,148
271.4,148
271.5,148
271.6,148
271.7,148
271.8,148
271.9,148
272,148
272.1,148
272.2,148
272.3,148
272.4,148
272.5,148
272.6,148
272.7,148
272.8,148
272.9,148
273,148
273.1,148
273.2,148
273.3,148
273.4,148
273.5,148
273.6,148
273.7,148
273.8,148
274,148
274,148
274.2,148
274.2,148
274.4,148
274.4,148
274.6,148
274.6,148
274.8,148
274.8,148
275,148
275,148
275.2,148
275.2,148
275.4,148
275.4,148
275.6,148
275.6,148
275.8,148
275.8,148
276,148
276,148
276.2,148
276.3,148
276.4,148
276.5,148
276.6,148
276.7,148
276.8,148
276.9,148
277,148
277.1,148
277.2,148
277.3,148
277.4,148
277.5,148
277.6,148
277.7,148
277.8,148
277.9,148
278,148
278.1,148
278.2,148
278.3,148
278.4,148
278.5,148
278.6,148
278.7,148
278.8,148
278.9,148
279,148
279.1,148
279.2,148
279.3,160
279.4,161
279.5,161
279.6,163
279.7,145
279.8,111
279.9,39
280,-50
280.1,-134
280.2,-173
280.3,-185
280.4,-199
280.5,-193
280.6,-190
280.7,-190
280.8,-190
280.9,-192
281,-192
281.1,-192
281.2,-192
281.3,-192
281.4,-192
281.5,-192
281.6,-192
281.7,-192
281.8,-192
281.9,-192
282,-192
282.1,-192
282.2,-192
282.3,-192
282.4,-192
282.5,-192
282.6,-192
282.7,-192
282.8,-192
282.9,-192
283,-192
283.1,-192
283.2,-192
283.3,-192
283.4,-192
283.5,-192
283.6,-192
283.7,-192
283.8,-192
283.9,-192
284,-192
284.1,-192
284.2,-192
284.3,-192
284.4,-192
284.5,-192
284.6,-192
284.7,-192
284.8,-192
284.9,-192
285,-192
285.1,-192
285.2,-192
285.3,-192
285.4,-192
285.5,-192
285.6,-192
285.7,-192
285.8,-192
285.9,-192
286,-192
286.2,-192
286.2,-192
286.4,-192
286.4,-192
286.6,-192
286.6,-192
286.8,-192
286.8,-192
287,-192
287,-192
287.2,-192
287.2,-192
287.4,-192
287.4,-192
287.6,-192
287.6,-192
287.8,-192
287.8,-192
288,-192
288,-192
288.2,-192
288.2,-192
288.4,-192
288.4,-192
288.6,-192
288.6,-192
288.8,-192
288.8,-192
289,-192
289,-192
289.2,-192
289.2,-192
289.4,-192
289.4,-192
289.6,-192
289.6,-192
289.8,-192
289.8,-192
290,-192
290,-192
290.2,-192
290.2,-192
290.4,-192
290.4,-192
290.6,-192
290.7,-192
290.8,-192
290.9,-192
291,-192
291.1,-192
291.2,-192
291.3,-192
291.4,-192
291.5,-192
291.6,-192
291.7,-192
291.8,-192
291.9,-192
292,-192
292.1,-192
292.2,-192
292.3,-192
292.4,-192
292.5,-192
292.6,-192
292.7,-192
292.8,-192
292.9,-192
293,-192
293.1,-192
293.2,-192
293.3,-192
293.4,-192
293.5,-192
293.6,-192
293.7,-192
293.8,-192
293.9,-192
294,-192
294.1,-192
294.2,-192
294.3,-192
294.4,-192
294.5,-192
294.6,-192
294.7,-192
294.8,-192
294.9,-192
295,-192
295.1,-192
295.2,-192
295.3,-192
295.4,-192
295.5,-192
295.6,-192
295.7,-192
295.8,-192
295.9,-192
296,-192
296.1,-192
296.2,-192
296.3,-192
296.4,-192
296.5,-192
296.6,-192
296.7,-192
296.8,-192
296.9,-192
297,-192
297.1,-192
297.2,-192
297.3,-192
297.4,-192
297.5,-192
297.6,-192
297.7,-192
297.8,-192
297.9,-192
298,-192
298.1,-192
298.2,-192
298.3,-192
298.4,-192
298.5,-192
298.6,-192
298.7,-192
298.8,-192
298.9,-192
299,-192
299.1,-192
299.2,-192
299.3,-192
299.4,-192
299.5,-192
299.6,-192
299.7,-192
299.8,-192
299.9,-192
300,-192
300.1,-192
300.2,-192
300.3,-192
300.4,-192
300.5,-192
300.6,-192
300.7,-192
300.8,-192
300.9,-192
301,-192
301.1,-192
301.2,-192
301.3,-192
301.4,-192
301.5,-192
301.6,-192
301.7,-192
301.8,-192
302,-192
302,-192
302.2,-192
302.2,-192
302.4,-192
302.4,-192
302.6,-192
302.6,-192
302.8,-192
302.8,-192
303,-192
303,-192
303.2,-192
303.2,-192
303.4,-192
303.4,-192
303.6,-192
303.6,-192
303.8,-192
303.8,-192
304,-192
304.1,-192
304.2,-192
304.3,-192
304.4,-192
304.5,-192
304.6,-200
304.7,-217
304.8,-218
304.9,-219
305,-221
305.1,-223
305.2,-225
305.3,-226
305.4,-228
305.5,-232
305.6,-238
305.7,-240
305.8,-243
305.9,-249
306,-251
306.1,-253
306.2,-253
306.3,-253
306.4,-253
306.5,-261
306.6,-265
306.7,-265
306.8,-267
306.9,-275
307,-276
307.1,-279
307.2,-279
307.3,-279
307.4,-282
307.5,-283
307.6,-283
307.7,-283
307.8,-283
307.9,-283
308,-283
308.1,-283
308.2,-283
308.3,-283
308.4,-283
308.5,-283
308.6,-283
308.7,-283
308.8,-283
308.9,-283
309,-283
309.1,-283
309.2,-283
309.3,-283
309.4,-283
309.5,-283
309.6,-283
309.7,-283
309.8,-283
309.9,-283
310,-283
310.1,-283
310.2,-283
310.3,-283
310.4,-283
310.5,-283
310.6,-283
310.7,-283
310.8,-283
310.9,-283
311,-283
311.1,-283
311.2,-283
311.3,-283
311.4,-283
311.5,-283
311.6,-283
311.7,-283
311.8,-283
311.9,-283
312,-283
312.1,-283
312.2,-283
312.3,-283
312.4,-283
312.5,-283
312.6,-283
312.7,-283
312.8,-283
312.9,-283
313,-283
313.1,-283
313.2,-283
313.3,-283
313.4,-283
313.5,-283
313.6,-283
313.7,-283
313.8,-283
313.9,-283
314,-283
314.1,-283
314.2,-283
314.3,-283
314.4,-283
314.5,-283
314.6,-283
314.7,-283
314.8,-283
314.9,-283
315,-283
315.1,-283
315.2,-283
315.3,-283
315.4,-283
315.6,-283
315.6,-283
315.8,-283
315.8,-283
316,-283
316,-283
316.2,-283
316.2,-283
316.4,-283
316.4,-283
316.6,-283
316.6,-283
316.8,-283
316.8,-283
317,-283
317,-283
317.2,-283
317.2,-283
317.4,-283
317.5,-283
317.6,-283
317.7,-283
317.8,-283
317.9,-283
318,-283
318.1,-283
318.2,-283
318.3,-283
318.4,-283
318.5,-283
318.6,-283
318.7,-283
318.8,-283
318.9,-283
319,-283
319.1,-283
319.2,-283
319.3,-283
319.4,-283
319.5,-283
319.6,-283
319.7,-283
319.8,-283
319.9,-283
320,-283
320.1,-283
320.2,-283
320.3,-283
320.4,-283
320.5,-283
320.6,-283
320.7,-283
320.8,-283
320.9,-283
321,-283
321.1,-283
321.2,-283
321.3,-283
321.4,-283
321.5,-283
321.6,-283
321.7,-283
321.8,-283
321.9,-283
322,-283
322.1,-283
322.2,-283
322.3,-283
322.4,-283
322.5,-283
322.6,-283
322.7,-283
322.8,-283
322.9,-283
323,-283
323.1,-283
323.2,-283
323.3,-283
323.4,-283
323.5,-283
323.6,-283
323.7,-283
323.8,-283
323.9,-283
324,-283
324.1,-283
324.2,-283
324.3,-283
324.4,-283
324.5,-283
324.6,-283
324.7,-283
324.8,-283
324.9,-283
325,-283
325.1,-283
325.2,-283
325.3,-283
325.4,-283
325.5,-283
325.6,-283
325.7,-283
325.8,-283
325.9,-283
326,-283
326.1,-283
326.2,-283
326.3,-283
326.4,-283
326.5,-283
326.6,-283
326.7,-283
326.8,-283
326.9,-283
327,-283
327.1,-283
327.2,-283
327.3,-283
327.4,-283
327.5,-283
327.6,-283
327.7,-283
327.8,-283
327.9,-283
328,-283
328.1,-283
328.2,-283
328.3,-283
328.4,-283
328.5,-283
328.6,-283
328.7,-283
328.8,-283
328.9,-283
329,-283
329.1,-283
329.2,-283
329.3,-283
329.4,-283
329.5,-283
329.6,-283
329.7,-283
329.8,-283
329.9,-283
330,-283
330.2,-283
330.2,-283
330.4,-283
330.4,-283
330.6,-283
330.6,-283
330.8,-283
330.8,-283
331,-283
331,-283
331.2,-283
331.2,-283
331.4,-283
331.4,-283
331.6,-283
331.6,-283
331.8,-283
331.8,-283
332,-283
332,-283
332.2,-283
332.2,-283
332.4,-283
332.5,-283
332.6,-283
332.7,-283
332.8,-283
332.9,-283
333,-283
333.1,-283
333.2,-283
333.3,-283
333.4,-283
333.5,-283
333.6,-283
333.7,-283
333.8,-283
333.9,-283
334,-283
334.1,-283
334.2,-283
334.3,-283
334.4,-283
334.5,-283
334.6,-283
334.7,-283
334.8,-283
334.9,-283
335,-283
335.1,-283
335.2,-283
335.3,-283
335.4,-283
335.5,-283
335.6,-283
335.7,-283
335.8,-283
335.9,-283
336,-283
336.1,-283
336.2,-283
336.3,-283
336.4,-283
336.5,-283
336.6,-283
336.7,-283
336.8,-283
336.9,-283
337,-283
337.1,-283
337.2,-283
337.3,-283
337.4,-283
337.5,-277
337.6,-274
337.7,-271
337.8,-268
337.9,-267
338,-266
338.1,-266
338.2,-266
338.3,-266
338.4,-266
338.5,-266
338.6,-266
338.7,-266
338.8,-266
338.9,-266
339,-266
339.1,-266
339.2,-266
339.3,-266
339.4,-266
339.5,-266
339.6,-266
339.7,-266
339.8,-266
339.9,-266
340,-266
340.1,-266
340.2,-266
340.3,-266
340.4,-266
340.5,-266
340.6,-266
340.7,-266
340.8,-266
340.9,-266
341,-266
341.1,-266
341.2,-266
341.3,-266
341.4,-266
341.5,-266
341.6,-266
341.7,-266
341.8,-266
341.9,-266
342,-266
342.1,-266
342.2,-266
342.3,-266
342.4,-266
342.5,-266
342.6,-266
342.7,-266
342.8,-266
342.9,-266
343,-266
343.2,-266
343.2,-266
343.4,-266
343.4,-266
343.6,-266
343.6,-266
343.8,-273
343.8,-279
344,-280
344,-280
344.2,-280
344.2,-280
344.4,-280
344.4,-280
344.6,-280
344.6,-282
344.8,-285
344.9,-286
345,-286
345.1,-286
345.2,-286
345.3,-286
345.4,-286
345.5,-286
345.6,-286
345.7,-286
345.8,-286
345.9,-286
346,-286
346.1,-286
346.2,-286
346.3,-286
346.4,-286
346.5,-286
346.6,-286
346.7,-286
346.8,-286
346.9,-286
347,-286
347.1,-286
347.2,-286
347.3,-286
347.4,-286
347.5,-286
347.6,-286
347.7,-286
347.8,-286
347.9,-286
348,-286
348.1,-286
348.2,-286
348.3,-286
348.4,-286
348.5,-286
348.6,-286
348.7,-286
348.8,-286
348.9,-286
349,-286
349.1,-286
349.2,-286
349.3,-286
349.4,-286
349.5,-286
349.6,-286
349.7,-286
349.8,-286
349.9,-286
350,-286
350.1,-286
350.2,-286
350.3,-286
350.4,-286
350.5,-286
350.6,-286
350.7,-286
350.8,-286
350.9,-286
351,-286
351.1,-286
351.2,-286
351.3,-286
351.4,-286
351.5,-286
351.6,-286
351.7,-286
351.8,-286
351.9,-286
352,-286
352.1,-286
352.2,-286
352.3,-286
352.4,-286
352.5,-286
352.6,-286
352.7,-286
352.8,-286
352.9,-286
353,-286
353.1,-286
353.2,-286
353.3,-286
353.4,-286
353.5,-286
353.6,-286
353.7,-286
353.8,-286
353.9,-286
354,-286
354.1,-286
354.2,-286
354.3,-286
354.4,-286
354.5,-286
354.6,-286
354.7,-286
354.8,-286
354.9,-286
355,-286
355.1,-286
355.2,-286
355.4,-286
355.4,-286
355.6,-286
355.6,-286
355.8,-286
355.8,-286
356,-286
356,-286
356.2,-286
356.2,-286
356.4,-286
356.4,-286
356.6,-286
356.6,-286
356.8,-286
356.8,-286
357,-286
357,-286
357.2,-286
357.2,-286
357.4,-286
357.4,-286
357.6,-286
357.6,-286
357.8,-286
357.8,-286
358,-286
358,-286
358.2,-286
358.2,-286
358.4,-286
358.4,-286
358.6,-286
358.6,-286
358.8,-286
358.8,-286
359,-286
359,-286
359.2,-286
359.2,-286
359.4,-286
359.4,-286
359.6,-286
359.6,-286
359.8,-286
359.9,-286
360,-286
360.1,-286
360.2,-286
360.3,-286
360.4,-286
360.5,-286
360.6,-286
360.7,-286
360.8,-286
360.9,-286
361,-286
361.1,-286
361.2,-286
361.3,-286
361.4,-286
361.5,-286
361.6,-286
361.7,-286
361.8,-286
361.9,-286
362,-286
362.1,-286
362.2,-286
362.3,-286
362.4,-286
362.5,-286
362.6,-286
362.7,-286
362.8,-286
362.9,-286
363,-286
363.1,-286
363.2,-286
363.3,-286
363.4,-286
363.5,-286
363.6,-286
363.7,-286
363.8,-286
363.9,-286
364,-286
364.1,-286
364.2,-286
364.3,-286
364.4,-286
364.5,-286
364.6,-286
364.7,-286
364.8,-286
364.9,-286
365,-286
365.1,-286
365.2,-287
365.3,-290
365.4,-300
365.5,-300
365.6,-300
365.7,-300
365.8,-300
365.9,-300
366,-300
366.1,-300
366.2,-300
366.3,-300
366.4,-300
366.5,-300
366.6,-300
366.7,-300
366.8,-300
366.9,-300
367,-300
367.1,-300
367.2,-300
367.3,-300
367.4,-300
367.5,-300
367.6,-300
367.7,-300
367.8,-300
367.9,-300
368,-300
368.1,-300
368.2,-300
368.3,-300
368.4,-300
368.5,-300
368.6,-300
368.7,-300
368.8,-300
368.9,-300
369,-300
369.1,-300
369.2,-300
369.3,-300
369.4,-300
369.5,-300
369.6,-300
369.7,-300
369.8,-300
369.9,-300
370,-300
370.1,-300
370.2,-300
370.3,-300
370.4,-300
370.5,-300
370.6,-300
370.7,-290
370.8,-249
370.9,-206
371,-181
371.2,-136
371.2,-54
371.4,-10
371.4,76
371.6,106
371.6,131
371.8,145
371.8,154
372,174
372,180
372.2,183
372.2,183
372.4,190
372.4,213
372.6,258
372.6,259
372.8,260
372.8,260
373,260
373,260
373.2,260
373.2,260
373.4,260
373.5,260
373.6,260
373.7,260
373.8,162
373.9,175
374,178
374.1,186
374.2,189
374.3,206
374.4,213
374.5,215
374.6,221
374.7,227
374.8,227
374.9,227
375,227
375.1,227
375.2,227
375.3,227
375.4,227
375.5,227
375.6,227
375.7,227
375.8,227
375.9,227
376,227
376.1,227
376.2,227
376.3,226
376.4,225
376.5,225
376.6,225
376.7,225
376.8,225
376.9,225
377,225
377.1,225
377.2,225
377.3,225
377.4,227
377.5,227
377.6,227
377.7,227
377.8,227
377.9,227
378,227
378.1,227
378.2,227
378.3,227
378.4,227
378.5,227
378.6,227
378.7,227
378.8,227
378.9,227
379,227
379.1,227
379.2,227
379.3,227
379.4,227
379.5,227
379.6,227
379.7,227
379.8,227
379.9,227
380,227
380.1,227
380.2,227
380.3,227
380.4,227
380.5,227
380.6,227
380.7,227
380.8,227
380.9,227
381,227
381.1,227
381.2,227
381.3,227
381.4,227
381.5,227
381.6,228
381.7,228
381.8,228
381.9,228
382,228
382.1,228
382.2,228
382.3,228
382.4,228
382.5,228
382.6,228
382.7,228
382.8,228
382.9,228
383,228
383.1,228
383.2,228
383.3,228
383.4,228
383.5,228
383.6,228
383.7,228
383.8,228
383.9,228
384,228
384.1,228
384.2,228
384.3,228
384.4,228
384.5,228
384.6,228
384.7,228
384.8,228
384.9,228
385,228
385.2,228
385.2,228
385.4,228
385.4,228
385.6,228
385.6,228
385.8,228
385.8,228
386,228
386,228
386.2,228
386.3,228
386.4,228
386.5,228
386.6,228
386.6,228
386.8,228
386.8,228
387,228
387.1,191
387.2,65
387.3,-65
387.4,-76
387.4,-76
387.6,-76
387.6,-93
387.8,-184
387.8,-184
388,-184
388.1,-207
388.2,-210
388.2,-210
388.4,-210
388.4,-210
388.6,-244
388.6,-253
388.8,-253
388.9,-253
389,-253
389.1,-251
389.2,-209
389.3,-206
389.4,-206
389.5,-206
389.6,-206
389.7,-206
389.8,-206
389.9,-206
390,-206
390.1,-206
390.2,-206
390.3,-206
390.4,-206
390.5,-206
390.6,-206
390.7,-206
390.8,-206
390.9,-206
391,-206
391.1,-206
391.2,-206
391.3,-205
391.4,-201
391.5,-199
391.6,-199
391.7,-198
391.8,-198
391.9,-198
392,-198
392.1,-198
392.2,-198
392.3,-198
392.4,-198
392.5,-198
392.6,-198
392.7,-198
392.8,-198
392.9,-198
393,-198
393.1,-198
393.2,-198
393.3,-198
393.4,-198
393.5,-199
393.6,-201
393.7,-251
393.8,-296
393.9,-296
394,-296
394.1,-296
394.2,-296
394.3,-296
394.4,-296
394.5,-296
394.6,-296
394.7,-296
394.8,-296
394.9,-296
395,-296
395.1,-296
395.2,-296
395.3,-296
395.4,-296
395.5,-296
395.6,-296
395.7,-296
395.8,-296
395.9,-296
396,-296
396.1,-296
396.2,-296
396.3,-296
396.4,-296
396.5,-296
396.6,-296
396.7,-296
396.8,-296
396.9,-296
397,-296
397.1,-296
397.2,-296
397.3,-296
397.4,-296
397.5,-296
397.6,-296
397.7,-296
397.8,-296
397.9,-296
398,-296
398.1,-296
398.2,-296
398.3,-296
398.4,-296
398.5,-296
398.6,-296
398.7,-296
398.8,-296
398.9,-296
399,-296
399.1,-296
399.2,-296
399.3,-296
399.4,-296
399.5,-296
399.6,-296
399.7,-296
399.8,-296
399.9,-296
400,-296
400.1,-296
400.2,-296
400.4,-296
400.4,-296
400.6,-296
400.6,-296
400.8,-296
400.8,-296
401,-296
401,-296
401.2,-296
401.2,-296
401.4,-296
401.4,-296
401.6,-296
401.6,-296
401.8,-296
401.8,-296
402,-296
402,-296
402.2,-296
402.3,-296
402.4,-296
402.5,-296
402.6,-296
402.7,-296
402.8,-296
402.9,-296
403,-296
403.1,-296
403.2,-296
403.3,-296
403.4,-296
403.5,-296
403.6,-296
403.7,-296
403.8,-296
403.9,-296
404,-296
404.1,-296
404.2,-296
404.3,-296
404.4,-296
404.5,-296
404.6,-296
404.7,-296
404.8,-296
404.9,-296
405,-296
405.1,-296
405.2,-296
405.3,-296
405.4,-296
405.5,-296
405.6,-296
405.7,-296
405.8,-296
405.9,-296
406,-296
406.1,-296
406.2,-296
406.3,-296
406.4,-296
406.5,-296
406.6,-296
406.7,-296
406.8,-296
406.9,-296
407,-296
407.1,-296
407.2,-296
407.3,-296
407.4,-296
407.5,-296
407.6,-296
407.7,-296
407.8,-296
407.9,-296
408,-296
408.1,-296
408.2,-296
408.3,-296
408.4,-296
408.5,-296
408.6,-296
408.7,-296
408.8,-296
408.9,-296
409,-296
409.1,-296
409.2,-296
409.3,-296
409.4,-296
409.5,-296
409.6,-296
409.7,-296
409.8,-296
409.9,-296
410,-296
410.1,-296
410.2,-296
410.3,-296
410.4,-296
410.5,-296
410.6,-296
410.7,-296
410.8,-296
410.9,-296
411,-296
411.1,-296
411.2,-296
411.3,-296
411.4,-296
411.5,-296
411.6,-296
411.7,-296
411.8,-296
411.9,-296
412,-296
412.1,-296
412.2,-296
412.3,-296
412.4,-296
412.5,-296
412.6,-296
412.7,-296
412.8,-296
412.9,-296
413,-296
413.1,-296
413.2,-296
413.3,-296
413.4,-296
413.5,-296
413.6,-296
413.7,-296
413.8,-296
414,-296
414,-296
414.2,-296
414.2,-296
414.4,-296
414.4,-296
414.6,-296
414.6,-296
414.8,-296
414.8,-296
415,-296
415,-296
415.2,-296
415.2,-296
415.4,-296
415.4,-296
415.6,-296
415.6,-296
415.8,-296
415.9,-296
416,-296
416.1,-296
416.2,-296
416.3,-296
416.4,-296
416.5,-296
416.6,-296
416.7,-296
416.8,-296
416.9,-296
417,-296
417.1,-296
417.2,-296
417.3,-296
417.4,-296
417.5,-296
417.6,-296
417.7,-296
417.8,-296
417.9,-296
418,-296
418.1,-296
418.2,-296
418.3,-296
418.4,-296
418.5,-296
418.6,-296
418.7,-296
418.8,-296
418.9,-296
419,-296
419.1,-296
419.2,-296
419.3,-296
419.4,-296
419.5,-296
419.6,-296
419.7,-296
419.8,-296
419.9,-296
420,-296
420.1,-296
420.2,-296
420.3,-296
420.4,-296
420.5,-296
420.6,-296
420.7,-296
420.8,-296
420.9,-296
421,-296
421.1,-296
421.2,-296
421.3,-296
421.4,-296
421.5,-296
421.6,-296
421.7,-296
421.8,-296
421.9,-296
422,-296
422.1,-296
422.2,-296
422.3,-296
422.4,-296
422.5,-296
422.6,-296
422.7,-296
422.8,-296
422.9,-296
423,-296
423.1,-296
423.2,-296
423.3,-296
423.4,-296
423.5,-296
423.6,-296
423.7,-296
423.8,-296
423.9,-296
424,-296
424.1,-296
424.2,-296
424.3,-296
424.4,-296
424.5,-296
424.6,-296
424.7,-296
424.8,-296
424.9,-296
425,-237
425.1,-219
425.2,-217
425.3,-217
425.4,-217
425.5,-219
425.6,-231
425.7,-236
425.8,-237
425.9,-237
426,-237
426.1,-237
426.2,-237
426.3,-237
426.4,-237
426.5,-237
426.6,-237
426.7,-237
426.8,-237
426.9,-237
427,-237
427.2,-237
427.2,-237
427.4,-237
427.4,-237
427.6,-237
427.6,-237
427.8,-237
427.8,-237
428,-237
428,-237
428.2,-237
428.2,-237
428.4,-237
428.4,-237
428.6,-237
428.6,-237
428.8,-237
428.8,-237
429,-237
429,-237
429.2,-237
429.2,-237
429.4,-237
429.4,-237
429.6,-237
429.6,-237
429.8,-237
429.8,-237
430,-235
430,-230
430.2,-229
430.2,-229
430.4,-234
430.4,-240
430.6,-242
430.6,-247
430.8,-255
430.8,-256
431,-256
431,-256
431.2,-261
431.3,-262
431.4,-262
431.5,-262
431.6,-262
431.7,-262
431.8,-256
431.9,-251
432,-250
432.1,-250
432.2,-250
432.3,-250
432.4,-250
432.5,-249
432.6,-249
432.7,-249
432.8,-249
432.9,-249
433,-249
433.1,-249
433.2,-249
433.3,-249
433.4,-249
433.5,-249
433.6,-251
433.7,-252
433.8,-252
433.9,-252
434,-253
434.1,-253
434.2,-253
434.3,-263
434.4,-267
434.5,-267
434.6,-267
434.7,-267
434.8,-267
434.9,-267
435,-267
435.1,-267
435.2,-267
435.3,-267
435.4,-267
435.5,-267
435.6,-267
435.7,-267
435.8,-267
435.9,-267
436,-267
436.1,-267
436.2,-267
436.3,-267
436.4,-267
436.5,-267
436.6,-267
436.7,-267
436.8,-267
436.9,-267
437,-267
437.1,-267
437.2,-267
437.3,-267
437.4,-267
437.5,-267
437.6,-267
437.7,-267
437.8,-267
437.9,-267
438,-267
438.1,-267
438.2,-267
438.3,-267
438.4,-267
438.5,-267
438.6,-267
438.7,-267
438.8,-267
438.9,-267
439,-267
439.1,-267
439.2,-267
439.3,-267
439.4,-267
439.5,-267
439.6,-267
439.7,-267
439.8,-267
439.9,-267
440,-267
440.1,-267
440.2,-267
440.3,-267
440.4,-267
440.5,-267
440.6,-267
440.7,-267
440.8,-267
440.9,-267
441,-267
441.1,-267
441.2,-267
441.3,-267
441.4,-267
441.5,-267
441.6,-267
441.7,-267
441.8,-267
441.9,-267
442,-267
442.2,-267
442.2,-267
442.4,-267
442.4,-267
442.6,-267
442.6,-267
442.8,-267
442.8,-267
443,-267
443,-265
443.2,-257
443.2,-256
443.4,-255
443.4,-254
443.6,-254
443.6,-254
443.8,-254
443.8,-254
444,-254
444,-246
444.2,-245
444.2,-245
444.4,-245
444.5,-245
444.6,-245
444.7,-245
444.8,-245
444.9,-245
445,-245
445.1,-245
445.2,-245
445.3,-245
445.4,-245
445.5,-245
445.6,-245
445.7,-245
445.8,-245
445.9,-245
446,-245
446.1,-245
446.2,-245
446.3,-245
446.4,-238
446.5,-225
446.6,-220
446.7,-218
446.8,-218
446.9,-218
447,-218
447.1,-217
447.2,-215
447.3,-215
447.4,-215
447.5,-215
447.6,-215
447.7,-215
447.8,-215
447.9,-215
448,-215
448.1,-215
448.2,-222
448.3,-227
448.4,-227
448.5,-231
448.6,-237
448.7,-242
448.8,-249
448.9,-269
449,-269
449.1,-269
449.2,-269
449.3,-269
449.4,-269
449.5,-269
449.6,-269
449.7,-263
449.8,-263
449.9,-263
450,-260
450.1,-257
450.2,-257
450.3,-252
450.4,-248
450.5,-241
450.6,-225
450.7,-225
450.8,-225
450.9,-223
451,-221
451.1,-220
451.2,-218
451.3,-203
451.4,-202
451.5,-202
451.6,-202
451.7,-202
451.8,-202
451.9,-204
452,-205
452.1,-206
452.2,-206
452.3,-207
452.4,-207
452.5,-207
452.6,-208
452.7,-210
452.8,-210
452.9,-210
453,-210
453.1,-210
453.2,-210
453.3,-210
453.4,-210
453.5,-210
453.6,-210
453.7,-210
453.8,-210
453.9,-210
454,-210
454.1,-210
454.2,-210
454.3,-210
454.4,-210
454.5,-210
454.6,-210
454.7,-210
454.8,-210
454.9,-210
455,-210
455.2,-210
455.2,-210
455.4,-210
455.4,-210
455.6,-210
455.6,-210
455.8,-210
455.8,-210
456,-210
456,-210
456.2,-210
456.2,-210
456.4,-210
456.4,-210
456.6,-210
456.6,-210
456.8,-210
456.8,-210
457,-210
457,-210
457.2,-210
457.2,-210
457.4,-210
457.4,-210
457.6,-210
457.6,-210
457.8,-210
457.8,-210
458,-210
458,-210
458.2,-210
458.2,-210
458.4,-210
458.4,-210
458.6,-210
458.6,-210
458.8,-210
458.8,-210
459,-210
459,-210
459.2,-210
459.2,-210
459.4,-210
459.5,-210
459.6,-210
459.7,-210
459.8,-210
459.9,-210
460,-210
460.1,-210
460.2,-210
460.3,-210
460.4,-210
460.5,-210
460.6,-210
460.7,-210
460.8,-210
460.9,-210
461,-210
461.1,-210
461.2,-210
461.3,-210
461.4,-210
461.5,-210
461.6,-210
461.7,-210
461.8,-210
461.9,-210
462,-210
462.1,-210
462.2,-210
462.3,-210
462.4,-210
462.5,-210
462.6,-210
462.7,-210
462.8,-210
462.9,-210
463,-210
463.1,-210
463.2,-210
463.3,-210
463.4,-210
463.5,-210
463.6,-210
463.7,-210
463.8,-210
463.9,-210
464,-210
464.1,-210
464.2,-210
464.3,-210
464.4,-210
464.5,-210
464.6,-210
464.7,-210
464.8,-210
464.9,-210
465,-210
465.1,-210
465.2,-210
465.3,-210
465.4,-210
465.5,-210
465.6,-210
465.7,-210
465.8,-210
465.9,-210
466,-210
466.1,-210
466.2,-210
466.3,-210
466.4,-210
466.5,-210
466.6,-210
466.7,-210
466.8,-210
466.9,-210
467,-210
467.1,-210
467.2,-210
467.3,-210
467.4,-209
467.5,-198
467.6,-197
467.7,-197
467.8,-197
467.9,-197
468,-197
468.1,-197
468.2,-197
468.3,-197
468.4,-197
468.5,-197
468.6,-197
468.7,-197
468.8,-197
468.9,-197
469,-197
469.1,-197
469.2,-197
469.3,-197
469.4,-197
469.5,-197
469.6,-197
469.7,-197
469.8,-197
469.9,-197
470,-197
470.1,-197
470.2,-197
470.3,-197
470.4,-197
470.5,-197
470.6,-197
470.7,-197
470.8,-197
471,-197
471,-197
471.2,-197
471.2,-197
471.4,-197
471.4,-197
471.6,-197
471.6,-197
471.8,-197
471.8,-197
472,-197
472,-197
472.2,-197
472.2,-197
472.4,-197
472.4,-197
472.6,-197
472.6,-197
472.8,-197
472.8,-197
473,-197
473,-197
473.2,-197
473.2,-197
473.4,-197
473.5,-197
473.6,-197
473.7,-197
473.8,-197
473.9,-197
474,-197
474.1,-197
474.2,-197
474.3,-197
474.4,-197
474.5,-197
474.6,-197
474.7,-197
474.8,-197
474.9,-197
475,-197
475.1,-197
475.2,-197
475.3,-197
475.4,-197
475.5,-197
475.6,-197
475.7,-197
475.8,-197
475.9,-197
476,-197
476.1,-197
476.2,-197
476.3,-197
476.4,-197
476.5,-197
476.6,-197
476.7,-197
476.8,-197
476.9,-197
477,-197
477.1,-197
477.2,-197
477.3,-197
477.4,-197
477.5,-197
477.6,-197
477.7,-197
477.8,-197
477.9,-197
478,-197
478.1,-197
478.2,-197
478.3,-197
478.4,-197
478.5,-197
478.6,-197
478.7,-197
478.8,-197
478.9,-197
479,-197
479.1,-197
479.2,-197
479.3,-197
479.4,-197
479.5,-197
479.6,-197
479.7,-197
479.8,-197
479.9,-197
480,-197
480.1,-197
480.2,-197
480.3,-197
480.4,-197
480.5,-197
480.6,-197
480.7,-197
480.8,-197
480.9,-197
481,-197
481.1,-197
481.2,-197
481.3,-197
481.4,-197
481.5,-197
481.6,-197
481.7,-197
481.8,-197
481.9,-197
482,-197
482.1,-197
482.2,-197
482.3,-197
482.4,-197
482.5,-197
482.6,-197
482.7,-197
482.8,-197
482.9,-197
483,-197
483.1,-197
483.2,-197
483.3,-197
483.4,-197
483.5,-197
483.6,-197
483.8,-197
483.8,-197
484,-197
484,-197
484.2,-197
484.2,-197
484.4,-197
484.4,-197
484.6,-197
484.6,-197
484.8,-197
484.8,-197
485,-197
485,-197
485.2,-197
485.2,-197
485.4,-197
485.4,-197
485.6,-197
485.7,-197
485.8,-197
485.9,-197
486,-197
486.1,-197
486.2,-197
486.3,-197
486.4,-197
486.5,-197
486.6,-197
486.7,-197
486.8,-197
486.9,-197
487,-197
487.1,-197
487.2,-197
487.3,-197
487.4,-197
487.5,-197
487.6,-197
487.7,-197
487.8,-197
487.9,-197
488,-197
488.1,-197
488.2,-197
488.3,-197
488.4,-197
488.5,-197
488.6,-197
488.7,-197
488.8,-197
488.9,-197
489,-197
489.1,-197
489.2,-197
489.3,-197
489.4,-197
489.5,-197
489.6,-197
489.7,-197
489.8,-197
489.9,-197
490,-197
490.1,-197
490.2,-197
490.3,-197
490.4,-197
490.5,-197
490.6,-197
490.7,-197
490.8,-197
490.9,-197
491,-197
491.1,-197
491.2,-197
491.3,-197
491.4,-197
491.5,-197
491.6,-197
491.7,-197
491.8,-197
491.9,-197
492,-197
492.1,-197
492.2,-197
492.3,-197
492.4,-197
492.5,-197
492.6,-197
492.7,-197
492.8,-197
492.9,-197
493,-197
493.1,-197
493.2,-197
493.3,-197
493.4,-197
493.5,-197
493.6,-197
493.7,-197
493.8,-197
493.9,-197
494,-197
494.1,-197
494.2,-197
494.3,-197
494.4,-197
494.5,-197
494.6,-197
494.7,-197
494.8,-197
494.9,-197
495,-197
495.1,-197
495.2,-197
495.3,-197
495.4,-197
495.5,-197
495.6,-197
495.8,-197
495.8,-197
496,-197
496,-197
496.2,-197
496.2,-197
496.4,-197
496.4,-197
496.6,-197
496.6,-197
496.8,-197
496.8,-197
497,-197
497,-197
497.1,-197
497.2,-197
497.3,-197
497.4,-197
497.5,-197
497.6,-197
497.8,-197
497.8,-197
498,-197
498,-197
498.2,-197
498.2,-197
498.4,-197
498.4,-197
498.6,-197
498.6,-197
498.8,-197
498.8,-197
499,-197
499,-197
499.2,-197
499.2,-197
499.4,-197
499.4,-197
499.6,-197
499.6,-197
499.8,-197
499.9,-197
500,-197
500.1,-197
500.2,-197
500.3,-197
500.4,-197
500.5,-197
500.6,-197
500.7,-197
500.8,-197
500.9,-197
501,-197
501.1,-197
501.2,-197
501.3,-197
501.4,-197
501.5,-197
501.6,-197
501.7,-197
501.8,-197
501.9,-197
502,-197
502.1,-197
502.2,-197
502.3,-197
502.4,-197
502.5,-197
502.6,-197
502.7,-197
502.8,-197
502.9,-197
503,-197
503.1,-197
503.2,-197
503.3,-197
503.4,-197
503.5,-197
503.6,-197
503.7,-197
503.8,-197
503.9,-197
504,-197
504.1,-197
504.2,-197
504.3,-197
504.4,-197
504.5,-197
504.6,-197
504.7,-197
504.8,-197
504.9,-197
505,-197
505.1,-197
505.2,-197
505.3,-197
505.4,-197
505.5,-197
505.6,-197
505.7,-197
505.8,-197
505.9,-197
506,-197
506.1,-197
506.2,-197
506.3,-197
506.4,-197
506.5,-197
506.6,-197
506.7,-197
506.8,-197
506.9,-197
507,-197
507.1,-197
507.2,-197
507.3,-197
507.4,-197
507.5,-197
507.6,-197
507.7,-197
507.8,-197
507.9,-197
508,-197
508.1,-197
508.2,-197
508.3,-197
508.4,-197
508.5,-197
508.6,-197
508.7,-197
508.8,-197
508.9,-197
509,-197
509.1,-197
509.2,-197
509.3,-197
509.4,-197
509.5,-197
509.6,-197
509.7,-197
509.8,-197
509.9,-197
510,-197
510.1,-197
510.2,-197
510.3,-197
510.4,-197
510.5,-197
510.6,-197
510.7,-197
510.8,-197
511,-197
511,-197
511.2,-197
511.2,-197
511.4,-197
511.4,-197
511.6,-197
511.6,-197
511.8,-197
511.8,-197
512,-197
512,-197
512.2,-197
512.2,-197
512.4,-197
512.4,-197
512.6,-197
512.7,-197
512.8,-197
512.9,-197
513,-197
513.1,-197
513.2,-197
513.3,-197
513.4,-197
513.5,-197
513.6,-197
513.7,-197
513.8,-197
513.9,-197
514,-197
514.1,-197
514.2,-197
514.3,-197
514.4,-197
514.5,-197
514.6,-197
514.7,-197
514.8,-197
514.9,-197
515,-197
515.1,-197
515.2,-197
515.3,-197
515.4,-197
515.5,-197
515.6,-197
515.7,-197
515.8,-197
515.9,-197
516,-197
516.1,-197
516.2,-197
516.3,-197
516.4,-197
516.5,-197
516.6,-197
516.7,-197
516.8,-197
516.9,-197
517,-197
517.1,-197
517.2,-197
517.3,-197
517.4,-197
517.5,-197
517.6,-197
517.7,-197
517.8,-197
517.9,-197
518,-197
518.1,-197
518.2,-197
518.3,-197
518.4,-197
518.5,-197
518.6,-197
518.7,-197
518.8,-197
518.9,-197
519,-197
519.1,-197
519.2,-197
519.3,-197
519.4,-197
519.5,-197
519.6,-197
519.7,-197
519.8,-197
519.9,-197
520,-197
520.1,-197
520.2,-197
520.3,-197
520.4,-197
520.5,-197
520.6,-197
520.7,-197
520.8,-197
520.9,-197
521,-197
521.1,-197
521.2,-197
521.3,-197
521.4,-197
521.5,-197
521.6,-197
521.7,-197
521.8,-197
521.9,-197
522,-197
522.1,-197
522.2,-197
522.3,-197
522.4,-197
522.5,-197
522.6,-197
522.7,-197
522.8,-197
522.9,-197
523,-197
523.1,-197
523.2,-197
523.3,-197
523.4,-197
523.5,-197
523.6,-197
523.7,-197
523.8,-197
523.9,-197
524,-197
524.2,-197
524.2,-197
524.4,-197
524.4,-197
524.6,-197
524.6,-197
524.8,-197
524.8,-197
525,-197
525,-197
525.2,-197
525.2,-197
525.4,-197
525.4,-197
525.6,-197
525.6,-197
525.8,-197
525.8,-197
526,-197
526,-197
526.2,-197
526.2,-197
526.4,-197
526.4,-197
526.6,-197
526.6,-197
526.8,-197
526.8,-197
527,-197
527,-197
527.2,-197
527.2,-197
527.4,-197
527.4,-197
527.6,-197
527.6,-197
527.8,-197
527.8,-197
528,-197
528,-197
528.2,-197
528.2,-197
528.4,-197
528.4,-197
528.6,-197
528.7,-197
528.8,-197
528.9,-197
529,-197
529.1,-197
529.2,-197
529.3,-197
529.4,-197
529.5,-197
529.6,-197
529.7,-197
529.8,-197
529.9,-197
530,-197
530.1,-197
530.2,-197
530.3,-197
530.4,-197
530.5,-197
530.6,-197
530.7,-197
530.8,-197
530.9,-197
531,-197
531.1,-197
531.2,-197
531.3,-197
531.4,-197
531.5,-197
531.6,-197
531.7,-197
531.8,-197
531.9,-197
532,-197
532.1,-197
532.2,-197
532.3,-197
532.4,-197
532.5,-197
532.6,-197
532.7,-197
532.8,-197
532.9,-197
533,-197
533.1,-197
533.2,-197
533.3,-197
533.4,-197
533.5,-197
533.6,-197
533.7,-197
533.8,-197
533.9,-197
534,-197
534.1,-197
534.2,-197
534.3,-197
534.4,-197
534.5,-197
534.6,-197
534.7,-197
534.8,-197
534.9,-197
535,-197
535.1,-197
535.2,-197
535.3,-197
535.4,-197
535.5,-197
535.6,-197
535.7,-197
535.8,-197
535.9,-197
536,-197
536.1,-197
536.2,-197
536.3,-197
536.4,-197
536.5,-197
536.6,-197
536.7,-197
536.8,-197
536.9,-197
537,-197
537.1,-197
537.2,-197
537.3,-197
537.4,-197
537.5,-197
537.6,-197
537.7,-197
537.8,-197
537.9,-197
538,-197
538.1,-197
538.2,-197
538.3,-197
538.4,-197
538.5,-197
538.6,-197
538.7,-197
538.8,-197
538.9,-197
539,-197
539.1,-197
539.2,-197
539.3,-197
539.4,-197
539.5,-197
539.6,-197
539.7,-197
539.8,-197
539.9,-197
540,-197
540.2,-197
540.2,-197
540.4,-197
540.4,-197
540.6,-197
540.6,-197
540.8,-197
540.8,-197
541,-197
541,-197
541.2,-197
541.2,-197
541.4,-197
541.4,-197
541.6,-197
541.6,-197
541.8,-197
541.8,-197
542,-197
542,-197
542.2,-197
542.2,-197
542.4,-197
542.5,-197
542.6,-197
542.7,-197
542.8,-197
542.9,-197
543,-197
543.1,-197
543.2,-197
543.3,-197
543.4,-197
543.5,-197
543.6,-197
543.7,-197
543.8,-197
543.9,-197
544,-197
544.1,-197
544.2,-197
544.3,-197
544.4,-197
544.5,-197
544.6,-197
544.7,-197
544.8,-197
544.9,-197
545,-197
545.1,-197
545.2,-197
545.3,-197
545.4,-197
545.5,-197
545.6,-197
545.7,-197
545.8,-197
545.9,-197
546,-197
546.1,-197
546.2,-197
546.3,-197
546.4,-197
546.5,-197
546.6,-197
546.7,-197
546.8,-197
546.9,-197
547,-197
547.1,-197
547.2,-197
547.3,-197
547.4,-197
547.5,-197
547.6,-197
547.7,-197
547.8,-197
547.9,-197
548,-197
548.1,-197
548.2,-197
548.3,-197
548.4,-197
548.5,-197
548.6,-197
548.7,-197
548.8,-197
548.9,-197
549,-197
549.1,-197
549.2,-197
549.3,-197
549.4,-197
549.5,-197
549.6,-197
549.7,-197
549.8,-197
549.9,-197
550,-197
550.1,-197
550.2,-197
550.3,-197
550.4,-197
550.5,-197
550.6,-197
550.7,-197
550.8,-197
550.9,-197
551,-197
551.1,-197
551.2,-197
551.3,-197
551.4,-197
551.5,-197
551.6,-197
551.7,-197
551.8,-197
551.9,-197
552,-197
552.1,-197
552.2,-197
552.3,-197
552.4,-197
552.5,-197
552.6,-197
552.7,-197
552.8,-197
552.9,-197
553,-197
553.1,-197
553.2,-197
553.3,-197
553.4,-197
553.6,-197
553.6,-197
553.8,-197
553.8,-197
554,-197
554,-197
554.2,-197
554.2,-197
554.4,-197
554.4,-197
554.6,-197
554.6,-197
554.8,-197
554.8,-197
555,-197
555,-197
555.2,-197
555.2,-197
555.4,-197
555.4,-197
555.6,-197
555.6,-197
555.8,-197
555.8,-197
556,-197
556.1,-197
556.2,-197
556.3,-197
556.4,-197
556.5,-197
556.6,-197
556.7,-197
556.8,-197
556.9,-197
557,-197
557.1,-197
557.2,-197
557.3,-197
557.4,-197
557.5,-197
557.6,-197
557.7,-197
557.8,-197
557.9,-197
558,-197
558.1,-197
558.2,-197
558.3,-197
558.4,-197
558.5,-197
558.6,-197
558.7,-197
558.8,-197
558.9,-197
559,-197
559.1,-197
559.2,-197
559.3,-197
559.4,-197
559.5,-197
559.6,-197
559.7,-197
559.8,-197
559.9,-197
560,-197
560.1,-197
560.2,-197
560.3,-197
560.4,-197
560.5,-197
560.6,-197
560.7,-197
560.8,-197
560.9,-197
561,-197
561.1,-197
561.2,-197
561.3,-197
561.4,-197
561.5,-197
561.6,-197
561.7,-197
561.8,-197
561.9,-197
562,-197
562.1,-197
562.2,-197
562.3,-197
562.4,-197
562.5,-197
562.6,-197
562.7,-197
562.8,-197
562.9,-197
563,-197
563.1,-197
563.2,-197
563.3,-197
563.4,-197
563.5,-197
563.6,-197
563.7,-197
563.8,-197
563.9,-197
564,-197
564.1,-197
564.2,-197
564.3,-197
564.4,-197
564.5,-197
564.6,-197
564.7,-197
564.8,-197
564.9,-197
565,-197
565.1,-197
565.2,-197
565.3,-197
565.4,-197
565.5,-197
565.6,-197
565.7,-197
565.8,-197
565.9,-197
566,-197
566.1,-197
566.2,-197
566.3,-197
566.4,-197
566.5,-197
566.6,-197
566.7,-197
566.8,-197
566.9,-197
567,-197
567.1,-197
567.2,-197
567.3,-197
567.4,-197
567.5,-197
567.6,-197
567.7,-197
567.8,-197
567.9,-197
568,-197
568.1,-197
568.2,-197
568.3,-197
568.4,-197
568.5,-197
568.6,-197
568.7,-197
568.8,-197
568.9,-197
569,-197
569.1,-197
569.2,-197
569.4,-197
569.4,-197
569.6,-197
569.6,-197
569.8,-197
569.8,-197
570,-197
570,-197
570.2,-197
570.2,-197
570.4,-197
570.4,-197
570.6,-197
570.6,-197
570.8,-197
570.8,-197
571,-197
571,-197
571.2,-197
571.2,-197
571.4,-197
571.5,-197
571.6,-197
571.7,-197
571.8,-197
571.9,-197
572,-197
572.1,-197
572.2,-197
572.3,-197
572.4,-197
572.5,-197
572.6,-197
572.7,-197
572.8,-197
572.9,-197
573,-197
573.1,-197
573.2,-197
573.3,-197
573.4,-197
573.5,-197
573.6,-197
573.7,-197
573.8,-197
573.9,-197
574,-197
574.1,-197
574.2,-197
574.3,-197
574.4,-197
574.5,-197
574.6,-197
574.7,-197
574.8,-197
574.9,-197
575,-197
575.1,-197
575.2,-197
575.3,-197
575.4,-197
575.5,-197
575.6,-197
575.7,-197
575.8,-197
575.9,-197
576,-197
576.1,-197
576.2,-197
576.3,-197
576.4,-197
576.5,-197
576.6,-197
576.7,-197
576.8,-197
576.9,-197
577,-197
577.1,-197
577.2,-197
577.3,-197
577.4,-197
577.5,-197
577.6,-197
577.7,-197
577.8,-197
577.9,-197
578,-197
578.1,-197
578.2,-197
578.3,-197
578.4,-197
578.5,-197
578.6,-197
578.7,-197
578.8,-197
578.9,-197
579,-197
579.1,-197
579.2,-197
579.3,-197
579.4,-197
579.5,-197
579.6,-197
579.7,-197
579.8,-197
579.9,-197
580,-197
580.1,-197
580.2,-197
580.3,-197
580.4,-197
580.5,-197
580.6,-197
580.7,-197
580.8,-197
580.9,-197
581,-197
581.1,-197
581.2,-197
581.3,-197
581.4,-197
581.5,-197
581.6,-197
581.7,-197
581.8,-197
581.9,-197
582,-197
582.1,-197
582.2,-197
582.3,-197
582.4,-197
582.5,-197
582.6,-197
582.7,-197
582.8,-197
583,-197
583,-197
583.2,-197
583.2,-197
583.4,-197
583.4,-197
583.6,-197
583.6,-197
583.8,-197
583.8,-197
584,-197
584,-197
584.2,-197
584.2,-197
584.4,-197
584.4,-197
584.6,-197
584.6,-197
584.8,-197
584.8,-197
585,-197
585,-197
585.2,-197
585.2,-197
585.4,-197
585.5,-197
585.6,-197
585.7,-197
585.8,-197
585.9,-197
586,-197
586.1,-197
586.2,-197
586.3,-197
586.4,-197
586.5,-197
586.6,-197
586.7,-197
586.8,-197
586.9,-197
587,-197
587.1,-197
587.2,-197
587.3,-197
587.4,-197
587.5,-197
587.6,-197
587.7,-197
587.8,-197
587.9,-197
588,-197
588.1,-197
588.2,-197
588.3,-197
588.4,-197
588.5,-197
588.6,-197
588.7,-197
588.8,-197
588.9,-197
589,-197
589.1,-197
589.2,-197
589.3,-197
589.4,-197
589.5,-197
589.6,-197
589.7,-197
589.8,-197
589.9,-197
590,-197
590.1,-197
590.2,-197
590.3,-197
590.4,-197
590.5,-197
590.6,-197
590.7,-197
590.8,-197
590.9,-197
591,-197
591.1,-197
591.2,-197
591.3,-197
591.4,-197
591.5,-197
591.6,-197
591.7,-197
591.8,-197
591.9,-197
592,-197
592.1,-197
592.2,-197
592.3,-197
592.4,-197
592.5,-197
592.6,-197
592.7,-197
592.8,-197
592.9,-197
593,-197
593.1,-197
593.2,-197
593.3,-197
593.4,-197
593.5,-197
593.6,-197
593.7,-197
593.8,-197
593.9,-197
594,-197
594.1,-197
594.2,-197
594.3,-197
594.4,-197
594.5,-197
594.6,-197
594.7,-197
594.8,-197
594.9,-197
595,-197
595.1,-197
595.2,-197
595.3,-197
595.4,-197
595.5,-197
595.6,-197
595.7,-197
595.8,-197
595.9,-197
596,-197
596.1,-197
596.2,-197
596.3,-197
596.4,-197
596.5,-197
596.6,-197
596.7,-197
596.8,-197
596.9,-197
597,-197
597.1,-197
597.2,-197
597.4,-197
597.4,-197
597.6,-197
597.6,-197
597.8,-197
597.8,-197
598,-197
598,-197
598.2,-197
598.2,-197
598.4,-197
598.4,-197
598.6,-197
598.6,-197
598.8,-197
598.8,-197
599,-197
599,-197
599.2,-197
599.2,-197
599.4,-197
599.4,-197
599.6,-197
599.6,-197
599.8,-197
599.8,-197
600,-197
600,-197
600.2,-197
600.2,-197
600.4,-197
600.4,-197
600.6,-197
600.6,-197
600.8,-197
600.8,-197
601,-197
601,-197
601.2,-197
601.2,-197
601.4,-197
601.4,-197
601.6,-197
601.7,-197
601.8,-197
601.9,-197
602,-197
602.1,-197
602.2,-197
602.3,-197
602.4,-197
602.5,-197
602.6,-197
602.7,-197
602.8,-197
602.9,-197
603,-197
603.1,-197
603.2,-197
603.3,-197
603.4,-197
603.5,-197
603.6,-197
603.7,-197
603.8,-197
603.9,-197
604,-197
604.1,-197
604.2,-197
604.3,-197
604.4,-197
604.5,-197
604.6,-197
604.7,-197
604.8,-197
604.9,-197
605,-197
605.1,-197
605.2,-197
605.3,-197
605.4,-197
605.5,-197
605.6,-197
605.7,-197
605.8,-197
605.9,-197
606,-197
606.1,-197
606.2,-197
606.3,-197
606.4,-197
606.5,-197
606.6,-197
606.7,-197
606.8,-197
606.9,-197
607,-197
607.1,-197
607.2,-197
607.3,-197
607.4,-197
607.5,-197
607.6,-197
607.7,-197
607.8,-197
607.9,-197
608,-197
608.1,-197
608.2,-197
608.3,-197
608.4,-197
608.5,-197
608.6,-197
608.7,-197
608.8,-197
608.9,-197
609,-197
609.1,-197
609.2,-197
609.3,-197
609.4,-197
609.5,-197
609.6,-197
609.7,-197
609.8,-197
609.9,-197
610,-197
610.1,-197
610.2,-197
610.3,-197
610.4,-197
610.5,-197
610.6,-197
610.7,-197
610.8,-197
610.9,-197
611,-197
611.1,-197
611.2,-197
611.3,-197
611.4,-197
611.5,-197
611.6,-197
611.7,-300
611.8,-300
611.9,-300
612,-300
612.1,-300
612.2,-300
612.3,-300
612.4,-300
612.5,-300
612.6,-300
612.7,-300
612.8,-300
612.9,-300
613,-300
613.1,-300
613.2,-300
613.4,-300
613.4,-300
613.6,-300
613.6,-300
613.8,-300
613.8,-300
614,-300
614,-300
614.2,-300
614.2,-300
614.4,-300
614.4,-300
614.6,-300
614.6,-300
614.8,-300
614.8,-300
615,-300
615,-300
615.2,-300
615.2,-300
615.4,-300
615.5,-300
615.6,-300
615.7,-300
615.8,-300
615.9,-300
616,-300
616.1,-300
616.2,-300
616.3,-300
616.4,-300
616.5,-300
616.6,-300
616.7,-300
616.8,-300
616.9,-300
617,-300
617.1,-300
617.2,-300
617.3,-300
617.4,-300
617.5,-300
617.6,-300
617.7,-300
617.8,-300
617.9,-300
618,-300
618.1,-300
618.2,-300
618.3,-300
618.4,-300
618.5,-300
618.6,-300
618.7,-300
618.8,-300
618.9,-300
619,-300
619.1,-300
619.2,-300
619.3,-300
619.4,-300
619.5,-300
619.6,-300
619.7,-300
619.8,-300
619.9,-300
620,-300
620.1,-300
620.2,-300
620.3,-300
620.4,-300
620.5,-300
620.6,-300
620.7,-300
620.8,-300
620.9,-300
621,-300
621.1,-300
621.2,-300
621.3,-300
621.4,-300
621.5,-300
621.6,-300
621.7,-300
621.8,-300
621.9,-300
622,-300
622.1,-300
622.2,-300
622.3,-300
622.4,-300
622.5,-300
622.6,-300
622.7,-300
622.8,-300
622.9,-300
623,-300
623.1,-300
623.2,-300
623.3,-300
623.4,-300
623.5,-300
623.6,-300
623.7,-300
623.8,-300
623.9,-300
624,-300
624.1,-300
624.2,-300
624.3,-300
624.4,-300
624.5,-300
624.6,-300
624.7,-300
624.8,-300
624.9,-300
625,-300
625.1,-300
625.2,-300
625.3,-300
625.4,-300
625.5,-300
625.6,-300
625.7,-300
625.8,-300
625.9,-300
626,-300
626.1,-300
626.2,-300
626.4,-300
626.4,-300
626.6,-300
626.6,-300
626.8,-300
626.8,-300
627,-300
627,-300
627.2,-300
627.2,-300
627.4,-300
627.4,-300
627.6,-300
627.6,-300
627.8,-300
627.8,-300
628,-300
628,-300
628.2,-300
628.2,-300
628.4,-300
628.4,-300
628.6,-300
628.6,-300
628.8,-300
628.8,-300
629,-300
629,-300
629.2,-300
629.2,-300
629.4,-300
629.4,-300
629.6,-300
629.6,-300
629.8,-300
629.8,-300
630,-300
630,-300
630.2,-300
630.3,-300
630.4,-300
630.5,-300
630.6,-300
630.7,-300
630.8,-300
630.9,-300
631,-300
631.1,-300
631.2,-300
631.3,-300
631.4,-300
631.5,-300
631.6,-300
631.7,-300
631.8,-300
631.9,-300
632,-300
632.1,-300
632.2,-300
632.3,-300
632.4,-300
632.5,-300
632.6,-300
632.7,-300
632.8,-300
632.9,-300
633,-300
633.1,-300
633.2,-300
633.3,-300
633.4,-300
633.5,-300
633.6,-300
633.7,-300
633.8,-300
633.9,-300
634,-300
634.1,-300
634.2,-300
634.3,-300
634.4,-300
634.5,-300
634.6,-300
634.7,-300
634.8,-300
634.9,-300
635,-300
635.1,-300
635.2,-300
635.3,-300
635.4,-300
635.5,-300
635.6,-300
635.7,-300
635.8,-300
635.9,-300
636,-300
636.1,-300
636.2,-300
636.3,-300
636.4,-300
636.5,-300
636.6,-300
636.7,-300
636.8,-300
636.9,-300
637,-300
637.1,-300
637.2,-300
637.3,-300
637.4,-300
637.5,-300
637.6,-300
637.7,-300
637.8,-300
637.9,-300
638,-300
638.1,-300
638.2,-300
638.3,-300
638.4,-300
638.5,-300
638.6,-300
638.7,-300
638.8,-300
638.9,-300
639,-300
639.1,-300
639.2,-300
639.3,-300
639.4,-300
639.5,-300
639.6,-300
639.7,-300
639.8,-300
639.9,-300
640,-300
640.1,-300
640.2,-300
640.3,-300
640.4,-300
640.5,-300
640.6,-300
640.8,-300
640.8,-300
641,-300
641,-300
641.2,-300
641.2,-300
641.4,-300
641.4,-300
641.6,-300
641.6,-300
641.8,-300
641.8,-300
642,-300
642,-300
642.2,-300
642.2,-300
642.4,-300
642.4,-300
642.6,-300
642.6,-300
642.8,-300
642.8,-300
643,-300
643,-300
643.2,-300
643.3,-300
643.4,-300
643.5,-300
643.6,-300
643.7,-300
643.8,-300
643.9,-300
644,-300
644.1,-300
644.2,-300
644.3,-300
644.4,-300
644.5,-300
644.6,-300
644.7,-300
644.8,-300
644.9,-300
645,-300
645.1,-300
645.2,-300
645.3,-300
645.4,-300
645.5,-300
645.6,-300
645.7,-300
645.8,-300
645.9,-300
646,-300
646.1,-300
646.2,-300
646.3,-300
646.4,-300
646.5,-300
646.6,-300
646.7,-300
646.8,-300
646.9,-300
647,-300
647.1,-300
647.2,-300
647.3,-300
647.4,-300
647.5,-300
647.6,-300
647.7,-300
647.8,-300
647.9,-300
648,-300
648.1,-300
648.2,-300
648.3,-300
648.4,-300
648.5,-300
648.6,-300
648.7,-300
648.8,-300
648.9,-300
649,-300
649.1,-300
649.2,-300
649.3,-300
649.4,-300
649.5,-300
649.6,-300
649.7,-300
649.8,-300
649.9,-300
650,-300
650.1,-300
650.2,-300
650.3,-300
650.4,-300
650.5,-300
650.6,-300
650.7,-300
650.8,-300
650.9,-300
651,-300
651.1,-300
651.2,-300
651.3,-300
651.4,-300
651.5,-300
651.6,-300
651.7,-300
651.8,-300
651.9,-300
652,-300
652.1,-300
652.2,-300
652.3,-300
652.4,-300
652.5,-300
652.6,-300
652.7,-300
652.8,-300
652.9,-300
653,-300
653.1,-300
653.2,-300
653.3,-300
653.4,-300
653.5,-300
653.6,-300
653.7,-300
653.8,-300
653.9,-300
654,-300
654.1,-300
654.2,-300
654.3,-300
654.4,-300
654.6,-300
654.6,-300
654.8,-300
654.8,-300
655,-300
655,-300
655.2,-300
655.2,-300
655.4,-300
655.4,-300
655.6,-300
655.6,-300
655.8,-300
655.8,-300
656,-300
656,-300
656.2,-300
656.2,-300
656.4,-300
656.4,-300
656.6,-300
656.6,-300
656.8,-300
656.9,-300
657,-300
657.1,-300
657.2,-300
657.3,-300
657.4,-300
657.5,-300
657.6,-300
657.7,-300
657.8,-300
657.9,-300
658,-300
658.1,-300
658.2,-300
658.3,-300
658.4,-300
658.5,-300
658.6,-300
658.7,-300
658.8,-300
658.9,-300
659,-300
659.1,-300
659.2,-300
659.3,-300
659.4,-300
659.5,-300
659.6,-300
659.7,-300
659.8,-300
659.9,-300
660,-300
660.1,-300
660.2,-300
660.3,-300
660.4,-300
660.5,-300
660.6,-300
660.7,-300
660.8,-300
660.9,-300
661,-300
661.1,-300
661.2,-300
661.3,-300
661.4,-300
661.5,-300
661.6,-300
661.7,-300
661.8,-300
661.9,-300
662,-300
662.1,-300
662.2,-300
662.3,-300
662.4,-300
662.5,-300
662.6,-300
662.7,-300
662.8,-300
662.9,-300
663,-300
663.1,-300
663.2,-300
663.3,-300
663.4,-300
663.5,-300
663.6,-300
663.7,-300
663.8,-300
663.9,-300
664,-300
664.1,-300
664.2,-300
664.3,-300
664.4,-300
664.5,-300
664.6,-300
664.7,-300
664.8,-300
664.9,-300
665,-300
665.1,-300
665.2,-300
665.3,-300
665.4,-300
665.5,-300
665.6,-300
665.7,-300
665.8,-300
665.9,-300
666,-300
666.1,-300
666.2,-300
666.3,-300
666.4,-300
666.5,-300
666.6,-300
666.7,-300
666.8,-300
667,-300
667,-300
667.2,-300
667.2,-300
667.4,-300
667.4,-300
667.6,-300
667.6,-300
667.8,-300
667.8,-300
668,-300
668,-300
668.2,-300
668.2,-300
668.4,-300
668.4,-300
668.5,-300
668.6,-300
668.8,-300
668.8,-300
669,-300
669,-300
669.2,-300
669.2,-300
669.4,-300
669.4,-300
669.6,-300
669.6,-300
669.8,-300
669.8,-300
670,-300
670,-300
670.2,-300
670.2,-300
670.4,-300
670.4,-300
670.6,-300
670.6,-300
670.8,-300
670.8,-300
671,-300
671.1,-300
671.2,-300
671.3,-300
671.4,-300
671.5,-300
671.6,-300
671.7,-300
671.8,-300
671.9,-300
672,-300
672.1,-300
672.2,-300
672.3,-300
672.4,-300
672.5,-300
672.6,-300
672.7,-300
672.8,-300
672.9,-300
673,-300
673.1,-300
673.2,-300
673.3,-300
673.4,-300
673.5,-300
673.6,-300
673.7,-300
673.8,-300
673.9,-300
674,-300
674.1,-300
674.2,-300
674.3,-300
674.4,-300
674.5,-300
674.6,-300
674.7,-300
674.8,-300
674.9,-300
675,-300
675.1,-300
675.2,-300
675.3,-300
675.4,-300
675.5,-300
675.6,-300
675.7,-300
675.8,-300
675.9,-300
676,-300
676.1,-300
676.2,-300
676.3,-300
676.4,-300
676.5,-300
676.6,-300
676.7,-300
676.8,-300
676.9,-300
677,-300
677.1,-300
677.2,-300
677.3,-300
677.4,-300
677.5,-300
677.6,-300
677.7,-300
677.8,-300
677.9,-300
678,-300
678.1,-300
678.2,-300
678.3,-300
678.4,-300
678.5,-300
678.6,-300
678.7,-300
678.8,-300
678.9,-300
679,-300
679.1,-300
679.2,-300
679.3,-300
679.4,-300
679.5,-300
679.6,-300
679.7,-300
679.8,-300
679.9,-300
680,-300
680.1,-300
680.2,-300
680.3,-300
680.4,-300
680.5,-300
680.6,-300
680.7,-300
680.8,-300
680.9,-300
681,-300
681.1,-300
681.2,-300
681.3,-300
681.4,-300
681.5,-300
681.6,-300
681.7,-300
681.8,-300
681.9,-300
682,-300
682.1,-300
682.2,-300
682.4,-300
682.4,-300
682.6,-300
682.6,-300
682.8,-300
682.8,-300
683,-300
683,-300
683.2,-300
683.2,-300
683.4,-300
683.4,-300
683.6,-300
683.6,-300
683.8,-300
683.8,-300
684,-300
684,-300
684.2,-300
684.2,-300
684.4,-300
684.4,-300
684.6,-300
684.6,-300
684.8,-300
684.9,-300
685,-300
685.1,-300
685.2,-300
685.3,-300
685.4,-300
685.5,-300
685.6,-300
685.7,-300
685.8,-300
685.9,-300
686,-300
686.1,-300
686.2,-300
686.3,-300
686.4,-300
686.5,-300
686.6,-300
686.7,-300
686.8,-300
686.9,-300
687,-300
687.1,-300
687.2,-300
687.3,-300
687.4,-300
687.5,-300
687.6,-300
687.7,-300
687.8,-300
687.9,-300
688,-300
688.1,-300
688.2,-300
688.3,-300
688.4,-300
688.5,-300
688.6,-300
688.7,-300
688.8,-300
688.9,-300
689,-300
689.1,-300
689.2,-300
689.3,-300
689.4,-300
689.5,-300
689.6,-300
689.7,-300
689.8,-300
689.9,-300
690,-300
690.1,-300
690.2,-300
690.3,-300
690.4,-300
690.5,-300
690.6,-300
690.7,-300
690.8,-300
690.9,-300
691,-300
691.1,-300
691.2,-300
691.3,-300
691.4,-300
691.5,-300
691.6,-300
691.7,-300
691.8,-300
691.9,-300
692,-300
692.1,-300
692.2,-300
692.3,-300
692.4,-300
692.5,-300
692.6,-300
692.7,-300
692.8,-300
692.9,-300
693,-300
693.1,-300
693.2,-300
693.3,-300
693.4,-300
693.5,-300
693.6,-300
693.7,-300
693.8,-300
693.9,-300
694,-300
694.1,-300
694.2,-300
694.3,-300
694.4,-300
694.5,-300
694.6,-300
694.7,-300
694.8,-300
694.9,-300
695,-300
695.2,-300
695.2,-300
695.4,-300
695.4,-300
695.6,-300
695.6,-300
695.8,-300
695.8,-300
696,-300
696,-300
696.2,-300
696.2,-300
696.4,-300
696.4,-300
696.6,-300
696.6,-300
696.8,-300
696.8,-300
697,-300
697,-300
697.2,-300
697.2,-300
697.4,-300
697.4,-300
697.6,-300
697.6,-300
697.8,-300
697.8,-300
698,-300
698,-300
698.2,-300
698.2,-300
698.4,-300
698.4,-300
698.6,-300
698.6,-300
698.8,-300
698.8,-300
699,-300
699,-300
699.2,-300
699.2,-300
699.4,-300
699.4,-300
699.6,-300
699.6,-300
699.8,-300
699.8,-300
700,-300
700.1,-300
700.2,-300
700.3,-300
700.4,-300
700.5,-292
700.6,-275
700.7,-275
700.8,-275
700.9,-275
701,-275
701.1,-275
701.2,-275
701.3,-274
701.4,-270
701.5,-263
701.6,-259
701.7,-256
701.8,-254
701.9,-251
702,-246
702.1,-243
702.2,-242
702.3,-242
702.4,-242
702.5,-242
702.6,-242
702.7,-242
702.8,-242
702.9,-239
703,-238
703.1,-238
703.2,-238
703.3,-238
703.4,-238
703.5,-238
703.6,-238
703.7,-238
703.8,-238
703.9,-238
704,-238
704.1,-238
704.2,-238
704.3,-238
704.4,-238
704.5,-238
704.6,-238
704.7,-238
704.8,-238
704.9,-238
705,-238
705.1,-238
705.2,-238
705.3,-238
705.4,-238
705.5,-238
705.6,-238
705.7,-238
705.8,-238
705.9,-238
706,-238
706.1,-238
706.2,-238
706.3,-238
706.4,-238
706.5,-238
706.6,-238
706.7,-238
706.8,-238
706.9,-238
707,-238
707.1,-238
707.2,-238
707.3,-238
707.4,-238
707.5,-242
707.6,-249
707.7,-254
707.8,-258
707.9,-259
708,-260
708.1,-260
708.2,-260
708.3,-260
708.4,-260
708.5,-260
708.6,-260
708.7,-260
708.8,-260
708.9,-260
709,-260
709.1,-260
709.2,-260
709.3,-260
709.4,-260
709.5,-260
709.6,-260
709.7,-260
709.8,-260
709.9,-260
710,-260
710.1,-260
710.2,-260
710.3,-260
710.4,-261
710.5,-275
710.6,-283
710.7,-288
710.8,-288
710.9,-288
711,-288
711.2,-288
711.2,-288
711.4,-288
711.4,-288
711.6,-288
711.6,-288
711.8,-288
711.8,-288
712,-288
712,-288
712.2,-288
712.2,-288
712.4,-288
712.4,-288
712.6,-288
712.6,-288
712.8,-288
712.8,-288
713,-288
713,-288
713.2,-288
713.3,-288
713.4,-288
713.5,-288
713.6,-288
713.7,-288
713.8,-288
713.9,-288
714,-288
714.1,-288
714.2,-288
714.3,-288
714.4,-288
714.5,-288
714.6,-288
714.7,-288
714.8,-288
714.9,-288
715,-288
715.1,-288
715.2,-288
715.3,-288
715.4,-288
715.5,-288
715.6,-288
715.7,-288
715.8,-288
715.9,-288
716,-288
716.1,-288
716.2,-288
716.3,-288
716.4,-288
716.5,-288
716.6,-288
716.7,-288
716.8,-288
716.9,-288
717,-288
717.1,-288
717.2,-288
717.3,-288
717.4,-288
717.5,-288
717.6,-288
717.7,-288
717.8,-288
717.9,-288
718,-288
718.1,-288
718.2,-288
718.3,-288
718.4,-288
718.5,-288
718.6,-288
718.7,-288
718.8,-288
718.9,-288
719,-288
719.1,-288
719.2,-288
719.3,-288
719.4,-288
719.5,-288
719.6,-288
719.7,-288
719.8,-288
719.9,-288
720,-288
720.1,-288
720.2,-288
720.3,-288
720.4,-288
720.5,-288
720.6,-288
720.7,-288
720.8,-288
720.9,-288
721,-288
721.1,-288
721.2,-288
721.3,-288
721.4,-288
721.5,-288
721.6,-288
721.7,-288
721.8,-288
721.9,-288
722,-288
722.1,-288
722.2,-288
722.3,-288
722.4,-288
722.5,-288
722.6,-288
722.7,-288
722.8,-288
722.9,-288
723,-288
723.1,-288
723.2,-288
723.3,-288
723.4,-288
723.5,-288
723.6,-288
723.7,-288
723.8,-288
723.9,-288
724,-288
724.1,-288
724.2,-288
724.4,-288
724.4,-288
724.6,-288
724.6,-288
724.8,-288
724.8,-288
725,-288
725,-288
725.2,-288
725.2,-288
725.4,-288
725.4,-288
725.6,-288
725.6,-288
725.8,-288
725.8,-288
726,-288
726,-288
726.2,-288
726.2,-288
726.4,-288
726.5,-288
726.6,-288
726.7,-288
726.8,-288
726.9,-288
727,-288
727.1,-288
727.2,-288
727.3,-288
727.4,-288
727.5,-288
727.6,-288
727.7,-288
727.8,-288
727.9,-288
728,-288
728.1,-288
728.2,-288
728.3,-288
728.4,-288
728.5,-288
728.6,-288
728.7,-288
728.8,-288
728.9,-288
729,-288
729.1,-288
729.2,-288
729.3,-288
729.4,-288
729.5,-288
729.6,-288
729.7,-288
729.8,-288
729.9,-288
730,-288
730.1,-288
730.2,-288
730.3,-288
730.4,-288
730.5,-288
730.6,-288
730.7,-288
730.8,-288
730.9,-288
731,-288
731.1,-288
731.2,-288
731.3,-288
731.4,-288
731.5,-288
731.6,-288
731.7,-288
731.8,-288
731.9,-288
732,-288
732.1,-288
732.2,-288
732.3,-288
732.4,-288
732.5,-288
732.6,-288
732.7,-288
732.8,-288
732.9,-288
733,-288
733.1,-288
733.2,-288
733.3,-288
733.4,-288
733.5,-288
733.6,-288
733.7,-288
733.8,-288
733.9,-288
734,-288
734.1,-288
734.2,-288
734.3,-288
734.4,-288
734.5,-288
734.6,-288
734.7,-288
734.8,-288
734.9,-288
735,-288
735.1,-288
735.2,-288
735.3,-288
735.4,-288
735.5,-288
735.6,-288
735.7,-288
735.8,-288
735.9,-288
736,-288
736.1,-288
736.2,-288
736.3,-288
736.4,-288
736.5,-288
736.6,-288
736.8,-288
736.8,-288
737,-288
737,-288
737.2,-288
737.2,-288
737.3,-288
737.4,-288
737.6,-288
737.6,-288
737.8,-288
737.8,-288
738,-288
738,-288
738.1,-288
738.2,-288
738.3,-288
738.4,-288
738.5,-288
738.6,-288
738.8,-288
738.8,-288
739,-288
739,-288
739.2,-288
739.2,-288
739.4,-288
739.4,-288
739.6,-288
739.6,-288
739.8,-288
739.8,-288
740,-288
740,-288
740.2,-288
740.2,-288
740.4,-288
740.4,-288
740.6,-288
740.7,-288
740.8,-288
740.9,-288
741,-288
741.1,-288
741.2,-288
741.3,-288
741.4,-288
741.5,-288
741.6,-288
741.7,-288
741.8,-288
741.9,-288
742,-288
742.1,-288
742.2,-288
742.3,-288
742.4,-288
742.5,-288
742.6,-288
742.7,-288
742.8,-288
742.9,-288
743,-288
743.1,-288
743.2,-288
743.3,-288
743.4,-288
743.5,-288
743.6,-288
743.7,-288
743.8,-288
743.9,-288
744,-288
744.1,-288
744.2,-288
744.3,-288
744.4,-288
744.5,-288
744.6,-288
744.7,-288
744.8,-288
744.9,-288
745,-288
745.1,-288
745.2,-288
745.3,-288
745.4,-288
745.5,-288
745.6,-288
745.7,-288
745.8,-288
745.9,-288
746,-288
746.1,-288
746.2,-288
746.3,-288
746.4,-288
746.5,-288
746.6,-288
746.7,-288
746.8,-288
746.9,-288
747,-288
747.1,-288
747.2,-288
747.3,-288
747.4,-288
747.5,-288
747.6,-288
747.7,-288
747.8,-288
747.9,-288
748,-288
748.1,-288
748.2,-288
748.3,-288
748.4,-288
748.5,-288
748.6,-288
748.7,-288
748.8,-288
748.9,-288
749,-288
749.1,-288
749.2,-288
749.3,-288
749.4,-288
749.5,-288
749.6,-288
749.7,-288
749.8,-288
749.9,-288
750,-288
750.1,-288
750.2,-288
750.3,-288
750.4,-288
750.5,-288
750.6,-288
750.7,-288
750.8,-288
751,-288
751,-288
751.2,-288
751.2,-288
751.4,-288
751.4,-288
751.6,-288
751.6,-288
751.8,-288
751.8,-288
752,-288
752,-288
752.2,-288
752.2,-288
752.4,-288
752.4,-288
752.6,-288
752.7,-288
752.8,-288
752.9,-288
753,-288
753.1,-288
753.2,-288
753.3,-288
753.4,-288
753.5,-288
753.6,-288
753.7,-288
753.8,-288
753.9,-288
754,-288
754.1,-288
754.2,-288
754.3,-288
754.4,-288
754.5,-288
754.6,-288
754.7,-288
754.8,-288
754.9,-288
755,-288
755.1,-288
755.2,-288
755.3,-288
755.4,-288
755.5,-288
755.6,-288
755.7,-288
755.8,-288
755.9,-288
756,-288
756.1,-288
756.2,-288
756.3,-288
756.4,-288
756.5,-288
756.6,-288
756.7,-288
756.8,-288
756.9,-288
757,-288
757.1,-288
757.2,-288
757.3,-288
757.4,-288
757.5,-288
757.6,-288
757.7,-288
757.8,-288
757.9,-288
758,-288
758.1,-288
758.2,-288
758.3,-288
758.4,-288
758.5,-288
758.6,-288
758.7,-288
758.8,-288
758.9,-288
759,-288
759.1,-288
759.2,-288
759.3,-288
759.4,-288
759.5,-288
759.6,-288
759.7,-288
759.8,-288
759.9,-288
760,-288
760.1,-288
760.2,-288
760.3,-286
760.4,-280
760.5,-246
760.6,-246
760.7,-245
760.8,-245
760.9,-245
761,-245
761.1,-245
761.2,-245
761.3,-245
761.4,-245
761.5,-245
761.6,-245
761.7,-245
761.8,-245
761.9,-245
762,-245
762.1,-245
762.2,-245
762.3,-245
762.4,-245
762.5,-245
762.6,-245
762.7,-243
762.8,-242
762.9,-241
763,-240
763.1,-240
763.2,-240
763.3,-240
763.4,-240
763.6,-240
763.6,-240
763.8,-240
763.8,-240
764,-240
764,-240
764.2,-240
764.2,-240
764.4,-240
764.4,-240
764.6,-240
764.6,-240
764.8,-240
764.8,-240
765,-240
765,-240
765.2,-240
765.2,-240
765.4,-240
765.4,-240
765.6,-240
765.6,-240
765.8,-240
765.8,-240
766,-240
766,-240
766.2,-240
766.2,-240
766.4,-240
766.4,-240
766.6,-240
766.6,-240
766.8,-240
766.8,-240
767,-240
767,-240
767.2,-240
767.2,-240
767.4,-240
767.4,-240
767.6,-240
767.6,-240
767.8,-240
767.8,-240
768,-237
768.1,-232
768.2,-229
768.3,-223
768.4,-216
768.4,-184
768.6,-173
768.7,-156
768.8,-150
768.9,-137
769,-127
769.1,-116
769.2,-103
769.3,-84
769.4,-65
769.5,-40
769.6,-24
769.7,16
769.8,18
769.9,24
770,33
770.1,46
770.2,47
770.3,47
770.4,49
770.5,52
770.6,57
770.7,57
770.8,57
770.9,57
771,57
771.1,57
771.2,57
771.3,57
771.4,57
771.5,56
771.6,53
771.7,53
771.8,53
771.9,53
772,53
772.1,52
772.2,52
772.3,52
772.4,52
772.5,52
772.6,52
772.7,52
772.8,52
772.9,52
773,52
773.1,52
773.2,52
773.3,52
773.4,52
773.5,52
773.6,52
773.7,52
773.8,52
773.9,52
774,52
774.1,52
774.2,52
774.3,52
774.4,52
774.5,52
774.6,52
774.7,52
774.8,52
774.9,52
775,52
775.1,52
775.2,52
775.3,52
775.4,52
775.5,52
775.6,52
775.7,52
775.8,52
775.9,52
776,52
776.1,52
776.2,52
776.3,52
776.4,52
776.5,52
776.6,52
776.7,52
776.8,52
776.9,52
777,52
777.1,52
777.2,52
777.3,52
777.4,55
777.5,59
777.6,62
777.7,66
777.8,71
777.9,76
778,83
778.2,87
778.2,91
778.4,92
778.4,92
778.6,92
778.6,92
778.8,92
778.8,92
779,96
779,112
779.2,124
779.2,139
779.4,143
779.4,145
779.6,156
779.6,160
779.8,172
779.9,172
780,172
780.1,172
780.2,173
780.3,176
780.4,176
780.5,176
780.6,176
780.7,176
780.8,176
780.9,176
781,176
781.1,176
781.2,176
781.3,176
781.4,176
781.5,176
781.6,176
781.7,176
781.8,176
781.9,176
782,176
782.1,176
782.2,176
782.3,176
782.4,176
782.5,176
782.6,176
782.7,176
782.8,176
782.9,176
783,176
783.1,176
783.2,176
783.3,176
783.4,176
783.5,176
783.6,176
783.7,176
783.8,176
783.9,176
784,176
784.1,176
784.2,176
784.3,176
784.4,176
784.5,176
784.6,176
784.7,176
784.8,176
784.9,176
785,176
785.1,176
785.2,176
785.3,176
785.4,176
785.5,176
785.6,176
785.7,176
785.8,176
785.9,176
786,176
786.1,176
786.2,176
786.3,176
786.4,176
786.5,176
786.6,176
786.7,176
786.8,176
786.9,176
787,176
787.1,176
787.2,176
787.3,176
787.4,176
787.5,176
787.6,176
787.7,176
787.8,176
787.9,176
788,176
788.1,176
788.2,176
788.3,176
788.4,176
788.5,176
788.6,176
788.7,176
788.8,176
788.9,176
789,176
789.1,176
789.2,176
789.3,176
789.4,176
789.5,176
789.6,176
789.7,176
789.8,176
789.9,176
790,176
790.1,176
790.2,176
790.3,176
790.4,176
790.5,176
790.6,176
790.7,176
790.8,176
791,176
791,176
791.2,176
791.2,176
791.4,176
791.4,176
791.6,176
791.6,176
791.8,176
791.8,176
792,176
792,176
792.2,176
792.2,176
792.4,176
792.4,176
792.6,176
792.6,176
792.8,176
792.8,176
793,176
793.1,176
793.2,176
793.3,176
793.4,176
793.5,176
793.6,176
793.7,176
793.8,176
793.9,176
794,176
794.1,176
794.2,176
794.3,176
794.4,176
794.5,176
794.6,176
794.7,176
794.8,176
794.9,176
795,176
795.1,176
795.2,176
795.3,176
795.4,176
795.5,176
795.6,176
795.7,176
795.8,176
795.9,176
796,176
796.1,176
796.2,176
796.3,176
796.4,176
796.5,176
796.6,176
796.7,176
796.8,176
796.9,176
797,176
797.1,176
797.2,176
797.3,176
797.4,176
797.5,176
797.6,176
797.7,176
797.8,176
797.9,176
798,176
798.1,176
798.2,176
798.3,176
798.4,176
798.5,176
798.6,176
798.7,176
798.8,176
798.9,176
799,176
799.1,176
799.2,176
799.3,176
799.4,176
799.5,176
799.6,176
799.7,176
799.8,176
799.9,176
800,176
800.1,176
800.2,176
800.3,176
800.4,176
800.5,176
800.6,176
800.7,176
800.8,176
800.9,176
801,176
801.1,176
801.2,176
801.3,176
801.4,176
801.5,176
801.6,176
801.7,176
801.8,176
801.9,176
802,176
802.1,176
802.2,176
802.3,176
802.4,176
802.5,176
802.6,176
802.7,176
802.8,176
802.9,176
803,176
803.1,176
803.2,176
803.3,176
803.4,176
803.5,176
803.6,176
803.7,176
803.8,176
804,176
804,176
804.2,176
804.2,176
804.4,176
804.4,176
804.6,176
804.6,176
804.8,176
804.8,176
805,176
805,176
805.2,176
805.2,176
805.4,176
805.4,176
805.6,176
805.6,176
805.7,176
805.8,176
805.9,176
806,176
806.2,176
806.2,176
806.4,176
806.4,176
806.6,176
806.6,176
806.8,176
806.8,176
807,176
807,176
807.2,176
807.2,176
807.4,176
807.4,176
807.6,176
807.6,176
807.8,176
807.8,176
808,176
808,176
808.2,176
808.2,176
808.4,176
808.5,176
808.6,176
808.7,176
808.8,176
808.9,176
809,176
809.1,176
809.2,176
809.3,176
809.4,176
809.5,176
809.6,176
809.7,176
809.8,176
809.9,176
810,176
810.1,176
810.2,176
810.3,176
810.4,176
810.5,176
810.6,176
810.7,176
810.8,176
810.9,176
811,176
811.1,176
811.2,176
811.3,176
811.4,176
811.5,176
811.6,176
811.7,176
811.8,176
811.9,176
812,176
812.1,176
812.2,176
812.3,176
812.4,176
812.5,176
812.6,176
812.7,176
812.8,176
812.9,176
813,176
813.1,176
813.2,176
813.3,176
813.4,176
813.5,176
813.6,176
813.7,176
813.8,176
813.9,176
814,176
814.1,176
814.2,176
814.3,176
814.4,176
814.5,176
814.6,176
814.7,176
814.8,176
814.9,176
815,176
815.1,176
815.2,176
815.3,176
815.4,176
815.5,176
815.6,176
815.7,176
815.8,176
815.9,176
816,176
816.1,176
816.2,176
816.3,176
816.4,176
816.5,176
816.6,176
816.7,176
816.8,176
816.9,176
817,176
817.1,176
817.2,176
817.3,176
817.4,176
817.5,176
817.6,176
817.7,176
817.8,176
817.9,176
818,176
818.1,176
818.2,176
818.3,176
818.4,176
818.5,176
818.6,176
818.7,176
818.8,176
819,176
819,176
819.2,176
819.2,176
819.4,176
819.4,176
819.6,176
819.6,176
819.8,176
819.8,176
820,176
820,176
820.2,176
820.2,176
820.4,176
820.4,176
820.6,176
820.6,176
820.8,176
820.9,176
821,176
821.1,176
821.2,176
821.3,176
821.4,176
821.5,176
821.6,176
821.7,176
821.8,176
821.9,176
822,176
822.1,176
822.2,176
822.3,176
822.4,176
822.5,176
822.6,176
822.7,176
822.8,176
822.9,176
823,176
823.1,176
823.2,176
823.3,176
823.4,176
823.5,176
823.6,176
823.7,176
823.8,176
823.9,176
824,176
824.1,176
824.2,176
824.3,176
824.4,176
824.5,176
824.6,176
824.7,176
824.8,176
824.9,176
825,176
825.1,176
825.2,176
825.3,176
825.4,176
825.5,176
825.6,176
825.7,176
825.8,176
825.9,176
826,176
826.1,176
826.2,176
826.3,176
826.4,176
826.5,176
826.6,176
826.7,176
826.8,176
826.9,176
827,176
827.1,176
827.2,176
827.3,176
827.4,176
827.5,176
827.6,176
827.7,176
827.8,176
827.9,176
828,176
828.1,176
828.2,176
828.3,176
828.4,176
828.5,176
828.6,176
828.7,176
828.8,176
828.9,176
829,176
829.1,176
829.2,176
829.3,176
829.4,176
829.5,176
829.6,176
829.7,176
829.8,176
829.9,176
830,176
830.1,176
830.2,176
830.3,176
830.4,176
830.5,176
830.6,176
830.7,176
830.8,176
830.9,176
831,176
831.1,176
831.2,176
831.3,176
831.4,176
831.5,176
831.6,176
831.8,176
831.8,176
831.9,176
832,176
832.2,176
832.2,176
832.4,176
832.4,176
832.6,176
832.6,176
832.8,176
832.8,176
833,176
833,176
833.2,176
833.2,176
833.4,176
833.4,176
833.6,176
833.6,176
833.8,176
833.8,176
834,176
834,176
834.2,176
834.2,176
834.4,176
834.4,176
834.6,176
834.6,176
834.8,176
834.8,176
835,176
835,176
835.2,176
835.2,176
835.4,176
835.4,176
835.6,176
835.6,176
835.8,176
835.9,176
836,176
836.1,176
836.2,176
836.3,176
836.4,176
836.5,176
836.6,176
836.7,176
836.8,176
836.9,176
837,176
837.1,176
837.2,176
837.3,176
837.4,176
837.5,176
837.6,176
837.7,176
837.8,176
837.9,176
838,176
838.1,176
838.2,176
838.3,176
838.4,176
838.5,176
838.6,176
838.7,176
838.8,176
838.9,176
839,176
839.1,176
839.2,176
839.3,176
839.4,176
839.5,176
839.6,176
839.7,176
839.8,176
839.9,176
840,176
840.1,176
840.2,176
840.3,176
840.4,176
840.5,176
840.6,176
840.7,176
840.8,176
840.9,176
841,176
841.1,176
841.2,176
841.3,176
841.4,176
841.5,176
841.6,-295
841.7,-300
841.8,-300
841.9,-300
842,-300
842.1,-300
842.2,-300
842.3,-300
842.4,-300
842.5,-300
842.6,-300
842.7,-300
842.8,-300
842.9,-300
843,-300
843.1,-300
843.2,-300
843.3,-300
843.4,-300
843.5,-300
843.6,-300
843.7,-300
843.8,-300
843.9,-300
844,-300
844.1,-300
844.2,-300
844.3,-300
844.4,-300
844.5,-300
844.6,-300
844.7,-300
844.8,-300
844.9,-300
845,-300
845.1,-300
845.2,-300
845.3,-300
845.4,-300
845.5,-300
845.6,-300
845.7,-300
845.8,-300
845.9,-300
846,-300
846.1,-300
846.2,-300
846.3,-300
846.4,-300
846.5,-300
846.6,-300
846.7,-300
846.8,-300
846.9,-300
847,-300
847.1,-300
847.2,-300
847.4,-300
847.4,-300
847.6,-300
847.6,-300
847.8,-300
847.8,-300
848,-300
848,-300
848.2,-300
848.2,-300
848.4,-300
848.4,-300
848.6,-300
848.6,-300
848.8,-300
848.8,-300
849,-300
849,-300
849.2,-300
849.3,-300
849.4,-300
849.5,-300
849.6,-300
849.7,-300
849.8,-300
849.9,-300
850,-300
850.1,-300
850.2,-300
850.3,-300
850.4,-300
850.5,-300
850.6,-300
850.7,-300
850.8,-300
850.9,-300
851,-300
851.1,-300
851.2,-300
851.3,-300
851.4,-300
851.5,-300
851.6,-300
851.7,-300
851.8,-300
851.9,-300
852,-300
852.1,-300
852.2,-300
852.3,-300
852.4,-300
852.5,-300
852.6,-300
852.7,-300
852.8,-300
852.9,-300
853,-300
853.1,-300
853.2,-300
853.3,-300
853.4,-300
853.5,-300
853.6,-300
853.7,-300
853.8,-300
853.9,-300
854,-300
854.1,-300
854.2,-300
854.3,-300
854.4,-300
854.5,-300
854.6,-300
854.7,-300
854.8,-300
854.9,-300
855,-300
855.1,-300
855.2,-300
855.3,-300
855.4,-300
855.5,-300
855.6,-300
855.7,-300
855.8,-300
855.9,-300
856,-300
856.1,-300
856.2,-300
856.3,-300
856.4,-300
856.5,-300
856.6,-300
856.7,-300
856.8,-300
856.9,-300
857,-300
857.1,-300
857.2,-300
857.3,-300
857.4,-300
857.5,-300
857.6,-300
857.7,-300
857.8,-300
857.9,-300
858,-300
858.1,-300
858.2,-300
858.3,-300
858.4,-300
858.5,-300
858.6,-300
858.7,-300
858.8,-300
858.9,-300
859,-300
859.1,-300
859.2,-300
859.4,-300
859.4,-300
859.6,-300
859.6,-300
859.8,-300
859.8,-300
860,-300
860,-300
860.2,-300
860.2,-300
860.4,-300
860.4,-300
860.6,-300
860.6,-300
860.8,-300
860.8,-300
861,-300
861,-300
861.2,-300
861.2,-300
861.4,-300
861.4,-300
861.6,-300
861.7,-300
861.8,-300
861.9,-300
862,-300
862.1,-300
862.2,-300
862.3,-300
862.4,-300
862.5,-300
862.6,-300
862.7,-300
862.8,-300
862.9,-300
863,-300
863.1,-300
863.2,-300
863.3,-300
863.4,-300
863.5,-300
863.6,-300
863.7,-300
863.8,-300
863.9,-300
864,-300
864.1,-300
864.2,-300
864.3,-300
864.4,-300
864.5,-300
864.6,-300
864.7,-300
864.8,-300
864.9,-300
865,-300
865.1,-300
865.2,-300
865.3,-300
865.4,-300
865.5,-300
865.6,-300
865.7,-300
865.8,-300
865.9,-300
866,-300
866.1,-300
866.2,-300
866.3,-300
866.4,-300
866.5,-300
866.6,-300
866.7,-300
866.8,-300
866.9,-300
867,-300
867.1,-300
867.2,-300
867.3,-300
867.4,-300
867.5,-300
867.6,-300
867.7,-300
867.8,-300
867.9,-300
868,-300
868.1,-300
868.2,-300
868.3,-300
868.4,-300
868.5,-300
868.6,-300
868.7,-300
868.8,-300
868.9,-300
869,-300
869.1,-300
869.2,-300
869.3,-300
869.4,-300
869.5,-300
869.6,-300
869.7,-300
869.8,-300
869.9,-300
870,-300
870.1,-300
870.2,-300
870.3,-300
870.4,-300
870.5,-300
870.6,-300
870.7,-300
870.8,-300
870.9,-300
871,-300
871.1,-300
871.2,-300
871.3,-300
871.4,-300
871.5,-300
871.6,-300
871.7,-300
871.8,-300
871.9,-300
872,-300
872.1,-300
872.2,-300
872.4,-300
872.4,-300
872.6,-300
872.6,-300
872.8,-300
872.8,-300
873,-300
873,-300
873.2,-300
873.2,-300
873.4,-300
873.4,-300
873.6,-300
873.6,-300
873.8,-300
873.8,-300
874,-300
874,-300
874.2,-300
874.2,-300
874.4,-300
874.4,-300
874.6,-300
874.6,-300
874.8,-300
874.8,-300
875,-300
875,-300
875.2,-300
875.2,-300
875.4,-300
875.4,-300
875.6,-300
875.6,-300
875.8,-300
875.8,-300
876,-300
876,-300
