Version ,1.2
Age,100
Gender,M
Seen,Y
Birth,
Exp_with_coding,Highschool
Education,Parents/Siblings
Movie,fg_av_eng_seg3.mkv
Experiment,General Synchrony
Tutorial1,1
Tutorial2,1
Time,X
0,0
0.1,0
0.2,0
0.3,0
0.4,0
0.5,0
0.6,0
0.7,0
0.8,0
0.9,0
1,0
1.1,0
1.2,0
1.3,0
1.4,0
1.5,0
1.6,0
1.7,0
1.8,0
1.9,0
2,0
2.1,0
2.2,0
2.3,0
2.4,0
2.5,0
2.6,0
2.7,0
2.8,0
2.9,0
3,0
3.2,0
3.2,64
3.4,171
3.4,172
3.6,172
3.6,172
3.8,152
3.8,155
4,165
4,169
4.2,169
4.2,169
4.4,169
4.4,169
4.6,169
4.6,169
4.8,169
4.8,169
5,169
5,169
5.2,169
5.3,169
5.4,169
5.5,169
5.6,169
5.7,167
5.8,162
5.9,162
6,162
6.1,162
6.2,162
6.3,162
6.4,162
6.5,162
6.6,162
6.7,162
6.8,162
6.9,152
7,150
7.1,148
7.2,133
7.3,108
7.4,100
7.5,95
7.6,86
7.7,89
7.8,116
7.9,120
8,125
8.1,125
8.2,125
8.3,125
8.4,125
8.5,125
8.6,125
8.7,125
8.8,125
8.9,125
9,125
9.1,125
9.2,125
9.3,126
9.4,129
9.5,130
9.6,130
9.7,130
9.8,130
9.9,130
10,132
10.1,133
10.2,136
10.3,142
10.4,149
10.5,156
10.6,157
10.7,157
10.8,157
10.9,157
11,157
11.1,157
11.2,157
11.3,157
11.4,157
11.5,157
11.6,157
11.7,157
11.8,157
11.9,157
12,170
12.1,170
12.2,170
12.3,170
12.4,170
12.5,170
12.6,170
12.7,170
12.8,170
12.9,170
13,170
13.1,170
13.2,170
13.3,170
13.4,170
13.5,170
13.6,170
13.7,170
13.8,170
13.9,170
14,170
14.1,170
14.2,170
14.3,170
14.4,170
14.5,170
14.6,170
14.7,170
14.8,170
14.9,170
15,170
15.1,170
15.2,170
15.3,170
15.4,170
15.5,170
15.6,170
15.7,170
15.8,170
15.9,170
16,170
16.1,170
16.2,170
16.4,170
16.4,170
16.6,170
16.6,170
16.8,170
16.8,170
17,170
17,170
17.2,170
17.2,170
17.4,170
17.4,170
17.6,170
17.6,170
17.8,170
17.8,170
18,170
18,170
18.2,170
18.2,170
18.4,170
18.4,170
18.6,170
18.6,170
18.8,170
18.8,170
19,170
19,170
19.2,170
19.2,170
19.4,170
19.4,170
19.6,170
19.6,170
19.8,170
19.8,170
20,170
20,170
20.2,170
20.2,170
20.4,170
20.4,170
20.6,170
20.6,170
20.8,170
20.9,170
21,170
21.1,170
21.2,170
21.3,170
21.4,170
21.5,170
21.6,170
21.7,170
21.8,170
21.9,170
22,170
22.1,170
22.2,170
22.3,170
22.4,170
22.5,170
22.6,170
22.7,170
22.8,170
22.9,170
23,170
23.1,170
23.2,170
23.3,170
23.4,170
23.5,170
23.6,170
23.7,170
23.8,170
23.9,170
24,170
24.1,170
24.2,170
24.3,170
24.4,170
24.5,170
24.6,170
24.7,170
24.8,168
24.9,135
25,99
25.1,65
25.2,45
25.3,27
25.4,2
25.5,-27
25.6,-60
25.7,-91
25.8,-107
25.9,-108
26,-108
26.1,-108
26.2,-108
26.3,-46
26.4,16
26.5,83
26.6,121
26.7,137
26.8,147
26.9,153
27,155
27.1,164
27.2,173
27.3,178
27.4,182
27.5,186
27.6,186
27.7,186
27.8,186
27.9,186
28,186
28.1,186
28.2,186
28.3,186
28.4,186
28.5,186
28.6,186
28.7,186
28.8,186
28.9,186
29,186
29.1,168
29.2,88
29.3,28
29.4,-24
29.5,-75
29.6,-100
29.7,-118
29.8,-131
29.9,-141
30,-141
30.1,-141
30.2,-141
30.3,-141
30.4,-141
30.5,-139
30.6,-131
30.7,-123
30.8,-115
30.9,-115
31,-115
31.1,-115
31.2,-115
31.3,-115
31.4,-115
31.5,-115
31.6,-115
31.7,-115
31.8,-115
31.9,-115
32,-115
32.2,-115
32.2,-115
32.4,-115
32.4,-115
32.6,-115
32.6,-115
32.8,-115
32.8,-115
33,-115
33,-115
33.2,-115
33.2,-115
33.4,-115
33.4,-115
33.6,-115
33.6,-115
33.8,-115
33.8,-115
34,-115
34,-127
34.2,-140
34.2,-159
34.4,-178
34.5,-197
34.6,-210
34.7,-224
34.8,-232
34.9,-241
35,-246
35.1,-246
35.2,-246
35.3,-246
35.4,-246
35.5,-246
35.6,-246
35.7,-246
35.8,-246
35.9,-246
36,-246
36.1,-246
36.2,-246
36.3,-246
36.4,-246
36.5,-246
36.6,-246
36.7,-251
36.8,-275
36.9,-275
37,-275
37.1,-275
37.2,-275
37.3,-275
37.4,-275
37.5,-275
37.6,-275
37.7,-275
37.8,-275
37.9,-275
38,-275
38.1,-275
38.2,-275
38.3,-277
38.4,-300
38.5,-300
38.6,-300
38.7,-300
38.8,-300
38.9,-300
39,-300
39.1,-300
39.2,-300
39.3,-300
39.4,-300
39.5,-300
39.6,-300
39.7,-300
39.8,-300
39.9,-300
40,-300
40.1,-300
40.2,-300
40.3,-300
40.4,-300
40.5,-300
40.6,-300
40.7,-300
40.8,-300
40.9,-300
41,-300
41.1,-300
41.2,-160
41.3,-90
41.4,-34
41.5,-16
41.6,-16
41.7,-19
41.8,-20
41.9,-20
42,-33
42.1,-74
42.2,-73
42.3,31
42.4,216
42.5,257
42.6,259
42.7,259
42.8,259
42.9,259
43,259
43.1,259
43.2,259
43.3,259
43.4,259
43.5,259
43.6,259
43.7,259
43.8,259
43.9,259
44,220
44.1,149
44.2,89
44.3,63
44.4,28
44.5,6
44.6,0
44.7,-15
44.8,-25
44.9,-27
45,-27
45.1,-27
45.2,-27
45.3,-27
45.4,-27
45.5,-27
45.6,-27
45.8,-27
45.8,-24
46,-18
46,-7
46.2,0
46.2,7
46.4,16
46.4,23
46.6,28
46.6,29
46.8,30
46.8,34
47,36
47,37
47.2,40
47.2,40
47.4,40
47.4,40
47.6,40
47.6,40
47.8,40
47.8,40
48,40
48,40
48.2,40
48.2,40
48.4,40
48.4,40
48.6,40
48.6,40
48.8,45
48.8,52
49,61
49,69
49.2,71
49.2,71
49.4,71
49.4,71
49.6,71
49.7,71
49.8,71
49.9,71
50,71
50.1,71
50.2,71
50.3,71
50.4,71
50.5,71
50.6,71
50.7,71
50.8,71
50.9,71
51,71
51.1,71
51.2,71
51.3,71
51.4,71
51.5,71
51.6,71
51.7,71
51.8,71
51.9,71
52,71
52.1,71
52.2,71
52.3,71
52.4,71
52.5,71
52.6,71
52.7,71
52.8,71
52.9,71
53,71
53.1,71
53.2,71
53.3,71
53.4,71
53.5,71
53.6,71
53.7,71
53.8,71
53.9,71
54,71
54.1,71
54.2,71
54.3,71
54.4,71
54.5,71
54.6,71
54.7,71
54.8,71
54.9,71
55,71
55.1,71
55.2,71
55.3,71
55.4,71
55.5,71
55.6,71
55.7,71
55.8,71
55.9,71
56,74
56.1,80
56.2,86
56.3,92
56.4,95
56.5,95
56.6,95
56.7,91
56.8,80
56.9,47
57,10
57.1,-46
57.2,-117
57.3,-197
57.4,-248
57.5,-260
57.6,-262
57.7,-262
57.8,-262
57.9,-262
58,-262
58.1,-262
58.2,-262
58.3,-262
58.4,-262
58.5,-262
58.6,-262
58.7,-262
58.8,-262
58.9,-262
59,-262
59.1,-262
59.2,-262
59.3,-262
59.4,-262
59.5,-262
59.6,-262
59.7,-262
59.8,-262
59.9,-262
60,-262
60.1,-262
60.2,-262
60.3,-262
60.4,-258
60.5,-228
60.6,-200
60.7,-171
60.8,-138
61,-101
61,-78
61.2,-57
61.2,-39
61.4,-24
61.4,-13
61.6,-7
61.6,-5
61.8,-4
61.8,-4
62,1
62,9
62.2,18
62.2,28
62.4,53
62.4,76
62.6,92
62.6,101
62.8,107
62.9,109
63,109
63.1,109
63.2,109
63.3,109
63.4,109
63.5,109
63.6,109
63.7,109
63.8,109
63.9,109
64,109
64.1,109
64.2,109
64.3,109
64.4,109
64.5,109
64.6,109
64.7,109
64.8,109
64.9,109
65,109
65.1,109
65.2,109
65.3,109
65.4,109
65.5,109
65.6,109
65.7,109
65.8,109
65.9,109
66,109
66.1,109
66.2,109
66.3,109
66.4,109
66.5,109
66.6,109
66.7,109
66.8,109
66.9,109
67,109
67.1,109
67.2,109
67.3,109
67.4,109
67.5,109
67.6,109
67.7,109
67.8,109
67.9,109
68,109
68.1,109
68.2,109
68.3,109
68.4,109
68.5,109
68.6,109
68.7,109
68.8,109
68.9,109
69,109
69.1,109
69.2,109
69.3,106
69.4,106
69.5,103
69.6,96
69.7,83
69.8,77
69.9,72
70,60
70.1,48
70.2,30
70.3,10
70.4,-15
70.5,-32
70.6,-50
70.7,-67
70.8,-74
70.9,-80
71,-80
71.1,-80
71.2,-80
71.3,-81
71.4,-81
71.5,-81
71.6,-81
71.7,-81
71.8,-81
71.9,-81
72,-81
72.1,-81
72.2,-81
72.3,-81
72.4,-81
72.5,-81
72.6,-81
72.7,-81
72.8,-88
72.9,-106
73,-138
73.1,-147
73.2,-147
73.3,-147
73.4,-147
73.5,-147
73.6,-147
73.7,-147
73.8,-147
74,-147
74,-147
74.2,-147
74.2,-147
74.4,-147
74.4,-147
74.6,-147
74.6,-147
74.8,-147
74.8,-147
75,-147
75,-147
75.2,-147
75.2,-147
75.4,-147
75.4,-147
75.6,-147
75.6,-147
75.8,-147
75.8,-147
76,-147
76.1,-147
76.2,-147
76.3,-147
76.4,-147
76.5,-147
76.6,-147
76.7,-147
76.8,-147
76.9,-147
77,-147
77.1,-147
77.2,-147
77.3,-147
77.4,-147
77.5,-147
77.6,-147
77.7,-147
77.8,-147
77.9,-147
78,-147
78.1,-147
78.2,-147
78.3,-147
78.4,-147
78.5,-147
78.6,-147
78.7,-147
78.8,-147
78.9,-147
79,-147
79.1,-147
79.2,-147
79.3,-147
79.4,-147
79.5,-147
79.6,-147
79.7,-147
79.8,-147
79.9,-147
80,-147
80.1,-147
80.2,-147
80.3,-147
80.4,-147
80.5,-147
80.6,-147
80.7,-147
80.8,-147
80.9,-147
81,-147
81.1,-148
81.2,-162
81.3,-173
81.4,-191
81.5,-202
81.6,-214
81.7,-219
81.8,-220
81.9,-224
82,-224
82.1,-224
82.2,-224
82.3,-222
82.4,-217
82.5,-205
82.6,-187
82.7,-172
82.8,-155
82.9,-135
83,-116
83.1,-100
83.2,-92
83.3,-85
83.4,-80
83.5,-74
83.6,-70
83.7,-69
83.8,-67
83.9,-65
84,-65
84.1,-80
84.2,-109
84.3,-123
84.4,-135
84.5,-142
84.6,-148
84.7,-154
84.8,-160
84.9,-166
85,-172
85.1,-173
85.2,-173
85.3,-173
85.4,-173
85.5,-173
85.6,-173
85.7,-173
85.8,-173
85.9,-175
86,-179
86.1,-181
86.2,-186
86.3,-188
86.4,-189
86.5,-189
86.6,-189
86.7,-189
86.8,-189
86.9,-189
87,-189
87.1,-189
87.2,-189
87.3,-189
87.4,-189
87.6,-189
87.6,-189
87.8,-190
87.8,-191
88,-194
88,-197
88.2,-202
88.2,-206
88.4,-215
88.4,-221
88.6,-228
88.6,-231
88.8,-235
88.8,-236
89,-241
89,-243
89.1,-243
89.2,-243
89.3,-243
89.4,-243
89.5,-243
89.6,-243
89.7,-243
89.8,-243
90,-243
90,-243
90.2,-243
90.2,-243
90.4,-243
90.4,-243
90.6,-243
90.6,-243
90.8,-243
90.8,-243
91,-243
91,-243
91.2,-243
91.2,-243
91.4,-243
91.4,-243
91.6,-243
91.6,-243
91.8,-243
91.9,-243
92,-243
92.1,-243
92.2,-243
92.3,-243
92.4,-243
92.5,-243
92.6,-243
92.7,-243
92.8,-243
92.9,-243
93,-243
93.1,-243
93.2,-243
93.3,-243
93.4,-243
93.5,-243
93.6,-243
93.7,-243
93.8,-243
93.9,-243
94,-243
94.1,-243
94.2,-243
94.3,-243
94.4,-243
94.5,-243
94.6,-243
94.7,-243
94.8,-243
94.9,-246
95,-246
95.1,-246
95.2,-243
95.3,-238
95.4,-238
95.5,-238
95.6,-238
95.7,-238
95.8,-238
95.9,-238
96,-238
96.1,-238
96.2,-238
96.3,-238
96.4,-238
96.5,-238
96.6,-238
96.7,-238
96.8,-238
96.9,-238
97,-238
97.1,-238
97.2,-238
97.3,-225
97.4,-212
97.5,-202
97.6,-176
97.7,-150
97.8,-117
97.9,-94
98,-79
98.1,-53
98.2,-39
98.3,-31
98.4,-30
98.5,-30
98.6,-30
98.7,-30
98.8,-30
98.9,-30
99,-30
99.1,-30
99.2,-30
99.3,-30
99.4,-30
99.5,-30
99.6,-30
99.7,-30
99.8,-28
99.9,-21
100,-5
100.1,8
100.2,16
100.3,17
100.4,17
100.5,17
100.6,17
100.7,17
100.8,17
100.9,17
101,17
101.1,17
101.2,17
101.3,17
101.4,17
101.5,17
101.6,17
101.7,17
101.8,17
101.9,17
102,17
102.1,17
102.2,17
102.4,17
102.4,17
102.6,17
102.6,17
102.8,17
102.8,17
103,17
103,17
103.2,17
103.2,17
103.4,17
103.4,17
103.6,17
103.6,17
103.8,17
103.8,17
104,17
104,17
104.2,17
104.2,17
104.4,17
104.4,17
104.6,17
104.7,17
104.8,17
104.9,17
105,17
105.1,17
105.2,12
105.3,12
105.4,12
105.5,11
105.6,11
105.7,7
105.8,4
105.9,3
106,-2
106.1,-1
106.2,6
106.3,16
106.4,35
106.5,55
106.6,64
106.7,83
106.8,87
106.9,87
107,87
107.1,87
107.2,87
107.3,87
107.4,87
107.5,87
107.6,87
107.7,87
107.8,87
107.9,87
108,87
108.1,87
108.2,87
108.3,87
108.4,87
108.5,87
108.6,87
108.7,87
108.8,87
108.9,87
109,87
109.1,87
109.2,87
109.3,87
109.4,87
109.5,87
109.6,87
109.7,87
109.8,87
109.9,87
110,87
110.1,86
110.2,84
110.3,79
110.4,79
110.5,79
110.6,79
110.7,79
110.8,79
110.9,79
111,79
111.1,80
111.2,82
111.3,84
111.4,87
111.5,91
111.6,94
111.7,97
111.8,99
111.9,102
112,105
112.1,106
112.2,107
112.3,108
112.4,109
112.5,111
112.6,111
112.7,111
112.8,112
112.9,112
113,112
113.1,112
113.2,112
113.3,112
113.4,112
113.5,112
113.6,112
113.7,112
113.8,112
113.9,112
114,112
114.1,112
114.2,112
114.3,112
114.4,112
114.5,112
114.6,112
114.7,112
114.8,112
114.9,112
115,112
115.2,112
115.2,112
115.4,112
115.4,112
115.6,112
115.6,112
115.8,112
115.8,112
116,112
116,112
116.2,112
116.2,112
116.4,112
116.4,112
116.6,112
116.6,112
116.8,112
116.8,104
117,95
117,82
117.2,57
117.2,42
117.4,19
117.4,-5
117.6,-18
117.7,-32
117.8,-47
117.8,-58
118,-66
118,-73
118.2,-81
118.2,-93
118.4,-100
118.4,-108
118.6,-117
118.6,-135
118.8,-138
118.8,-138
119,-138
119,-138
119.2,-138
119.2,-138
119.4,-138
119.4,-138
119.6,-138
119.7,-138
119.8,-138
119.9,-138
120,-138
120.1,-138
120.2,-138
120.3,-138
120.4,-138
120.5,-138
120.6,-138
120.7,-138
120.8,-138
120.9,-150
121,-180
121.1,-206
121.2,-233
121.3,-253
121.4,-257
121.5,-263
121.6,-266
121.7,-266
121.8,-266
121.9,-266
122,-269
122.1,-290
122.2,-290
122.3,-290
122.4,-290
122.5,-290
122.6,-290
122.7,-290
122.8,-290
122.9,-290
123,-290
123.1,-290
123.2,-290
123.3,-290
123.4,-290
123.5,-290
123.6,-290
123.7,-290
123.8,-290
123.9,-290
124,-290
124.1,-290
124.2,-290
124.3,-290
124.4,-290
124.5,-290
124.6,-290
124.7,-290
124.8,-290
124.9,-290
125,-290
125.1,-290
125.2,-290
125.3,-290
125.4,-290
125.5,-290
125.6,-290
125.7,-290
125.8,-290
125.9,-290
126,-290
126.1,-290
126.2,-290
126.3,-290
126.4,-290
126.5,-290
126.6,-290
126.7,-290
126.8,-290
126.9,-290
127,-290
127.1,-290
127.2,-290
127.3,-290
127.4,-290
127.5,-290
127.6,-290
127.7,-290
127.8,-290
127.9,-290
128,-290
128.1,-290
128.2,-290
128.3,-290
128.4,-290
128.5,-290
128.6,-290
128.7,-290
128.8,-290
128.9,-290
129,-290
129.1,-290
129.2,-290
129.3,-290
129.4,-290
129.5,-290
129.6,-290
129.7,-290
129.8,-290
129.9,-290
130,-290
130.1,-290
130.2,-290
130.3,-290
130.4,-290
130.6,-290
130.6,-290
130.8,-290
130.8,-290
131,-290
131,-290
131.2,-290
131.2,-290
131.4,-290
131.4,-290
131.6,-290
131.6,-290
131.8,-290
131.8,-290
132,-290
132,-290
132.2,-290
132.2,-290
132.4,-290
132.4,-290
132.6,-290
132.6,-290
132.8,-290
132.8,-290
133,-290
133.1,-290
133.2,-290
133.3,-290
133.4,-290
133.5,-290
133.6,-290
133.7,-290
133.8,-290
133.9,-290
134,-290
134.1,-290
134.2,-290
134.3,-291
134.4,-291
134.5,-287
134.6,-271
134.7,-233
134.8,-203
134.9,-184
135,-161
135.1,-149
135.2,-135
135.3,-120
135.4,-103
135.5,-94
135.6,-93
135.7,-93
135.8,-93
135.9,-93
136,-93
136.1,-93
136.2,-93
136.3,-93
136.4,-93
136.5,-89
136.6,-85
136.7,-81
136.8,-76
136.9,-69
137,-67
137.1,-63
137.2,-60
137.3,-59
137.4,-59
137.5,-56
137.6,-51
137.7,-46
137.8,-40
137.9,-29
138,-21
138.1,-6
138.2,9
138.3,21
138.4,30
138.5,30
138.6,30
138.7,30
138.8,30
138.9,30
139,30
139.1,30
139.2,30
139.3,30
139.4,30
139.5,30
139.6,30
139.7,30
139.8,30
139.9,30
140,30
140.1,30
140.2,30
140.3,30
140.4,28
140.5,24
140.6,13
140.7,-11
140.8,-42
140.9,-59
141,-88
141.1,-115
141.2,-135
141.3,-176
141.4,-203
141.5,-227
141.6,-262
141.7,-284
141.8,-300
141.9,-300
142,-300
142.1,-300
142.2,-300
142.3,-300
142.4,-300
142.5,-300
142.6,-300
142.7,-300
142.8,-300
142.9,-300
143,-300
143.1,-300
143.2,-300
143.3,-300
143.4,-300
143.6,-300
143.6,-300
143.8,-300
143.8,-300
144,-300
144,-300
144.2,-300
144.2,-300
144.4,-300
144.4,-300
144.6,-300
144.6,-300
144.8,-300
144.8,-300
145,-300
145,-300
145.2,-300
145.2,-300
145.4,-300
145.4,-300
145.6,-300
145.7,-300
145.8,-300
145.9,-300
146,-300
146.1,-300
146.2,-300
146.3,-300
146.4,-300
146.5,-300
146.6,-300
146.7,-300
146.8,-300
146.9,-300
147,-300
147.1,-300
147.2,-300
147.3,-300
147.4,-300
147.5,-300
147.6,-300
147.7,-300
147.8,-300
147.9,-300
148,-300
148.1,-300
148.2,-300
148.3,-300
148.4,-300
148.5,-300
148.6,-300
148.7,-300
148.8,-300
148.9,-300
149,-300
149.1,-300
149.2,-300
149.3,-300
149.4,-300
149.5,-300
149.6,-300
149.7,-300
149.8,-300
149.9,-300
150,-300
150.1,-300
150.2,-300
150.3,-300
150.4,-300
150.5,-300
150.6,-300
150.7,-300
150.8,-300
150.9,-300
151,-300
151.1,-300
151.2,-300
151.3,-300
151.4,-300
151.5,-300
151.6,-300
151.7,-300
151.8,-300
151.9,-300
152,-300
152.1,-300
152.2,-300
152.3,-300
152.4,-300
152.5,-300
152.6,-300
152.7,-300
152.8,-300
152.9,-300
153,-300
153.1,-300
153.2,-300
153.3,-300
153.4,-300
153.5,-300
153.6,-300
153.7,-300
153.8,-300
153.9,-300
154,-300
154.1,-300
154.2,-300
154.3,-300
154.4,-300
154.5,-300
154.6,-300
154.7,-300
154.8,-300
154.9,-300
155,-300
155.1,-300
155.2,-300
155.3,-300
155.4,-300
155.5,-300
155.6,-300
155.7,-300
155.8,-300
155.9,-300
156,-300
156.1,-300
156.2,-300
156.3,-300
156.4,-300
156.5,-300
156.6,-300
156.7,-300
156.8,-300
156.9,-300
157,-300
157.2,-300
157.2,-300
157.3,-300
157.4,-300
157.5,-300
157.6,-300
157.7,-300
157.8,-300
157.9,-300
158,-300
158.1,-300
158.2,-300
158.3,-300
158.4,-300
158.5,-300
158.6,-300
158.7,-300
158.8,-300
158.9,-300
159,-300
159.1,-300
159.2,-300
159.4,-300
159.4,-300
159.6,-300
159.6,-300
159.8,-300
159.8,-300
160,-300
160,-300
160.2,-300
160.2,-300
160.4,-300
160.4,-300
160.6,-300
160.6,-300
160.8,-300
160.8,-300
161,-300
161,-300
161.2,-300
161.3,-300
161.4,-300
161.5,-300
161.6,-300
161.7,-300
161.8,-300
161.9,-300
162,-300
162.1,-300
162.2,-300
162.3,-300
162.4,-300
162.5,-300
162.6,-300
162.7,-300
162.8,-300
162.9,-300
163,-300
163.1,-300
163.2,-300
163.3,-300
163.4,-300
163.5,-300
163.6,-300
163.7,-300
163.8,-300
163.9,-300
164,-300
164.1,-300
164.2,-300
164.3,-300
164.4,-300
164.5,-300
164.6,-300
164.7,-300
164.8,-300
164.9,-300
165,-300
165.1,-300
165.2,-292
165.3,-242
165.4,-192
165.5,-162
165.6,-114
165.7,-71
165.8,-57
165.9,-52
166,-50
166.1,-44
166.2,-41
166.3,-32
166.4,-23
166.5,-18
166.6,-17
166.7,-17
166.8,-17
166.9,-21
167,-35
167.1,-60
167.2,-123
167.3,-172
167.4,-222
167.5,-264
167.6,-286
167.7,-294
167.8,-294
167.9,-294
168,-294
168.1,-294
168.2,-294
168.3,-294
168.4,-294
168.5,-294
168.6,-294
168.7,-294
168.8,-294
168.9,-294
169,-294
169.1,-294
169.2,-294
169.3,-294
169.4,-294
169.5,-294
169.6,-294
169.7,-294
169.8,-294
169.9,-294
170,-294
170.1,-294
170.2,-294
170.3,-294
170.4,-294
170.5,-294
170.6,-294
170.7,-294
170.8,-294
170.9,-294
171,-294
171.1,-294
171.2,-294
171.3,-294
171.4,-294
171.5,-294
171.6,-294
171.7,-294
171.8,-294
172,-294
172,-294
172.2,-294
172.2,-294
172.4,-294
172.4,-294
172.6,-294
172.6,-294
172.8,-294
172.8,-294
173,-294
173,-294
173.2,-294
173.2,-294
173.4,-294
173.4,-294
173.6,-294
173.6,-294
173.8,-294
173.8,-294
174,-294
174.1,-294
174.2,-294
174.3,-294
174.4,-294
174.5,-294
174.6,-294
174.7,-294
174.8,-294
174.9,-294
175,-294
175.1,-294
175.2,-294
175.3,-294
175.4,-294
175.5,-294
175.6,-294
175.7,-294
175.8,-294
175.9,-294
176,-294
176.1,-294
176.2,-294
176.3,-294
176.4,-294
176.5,-294
176.6,-294
176.7,-294
176.8,-294
176.9,-294
177,-294
177.1,-294
177.2,-294
177.3,-294
177.4,-294
177.5,-294
177.6,-294
177.7,-294
177.8,-294
177.9,-290
178,-274
178.1,-261
178.2,-250
178.3,-241
178.4,-228
178.5,-217
178.6,-209
178.7,-196
178.8,-184
178.9,-171
179,-154
179.1,-147
179.2,-147
179.3,-147
179.4,-147
179.5,-147
179.6,-147
179.7,-147
179.8,-147
179.9,-147
180,-147
180.1,-147
180.2,-147
180.3,-147
180.4,-147
180.5,-147
180.6,-147
180.7,-141
180.8,-102
180.9,-44
181,3
181.1,23
181.2,48
181.3,67
181.4,80
181.5,97
181.6,123
181.7,126
181.8,126
181.9,126
182,126
182.1,126
182.2,126
182.3,126
182.4,126
182.5,126
182.6,126
182.7,126
182.8,126
182.9,126
183,126
183.1,126
183.2,126
183.3,126
183.4,126
183.5,126
183.6,126
183.7,126
183.8,126
183.9,126
184,126
184.1,126
184.2,126
184.3,126
184.4,126
184.5,126
184.6,127
184.7,128
184.8,132
184.9,135
185,140
185.1,145
185.2,149
185.4,152
185.4,153
185.6,153
185.6,153
185.8,153
185.8,153
186,153
186,153
186.2,153
186.2,153
186.4,153
186.4,153
186.6,153
186.6,153
186.8,153
186.8,153
187,153
187,153
187.2,153
187.2,153
187.4,153
187.4,153
187.6,153
187.6,153
187.8,153
187.8,153
188,153
188,153
188.2,153
188.2,153
188.4,153
188.4,149
188.6,133
188.6,132
188.8,121
188.8,121
189,121
189,117
189.2,113
189.2,113
189.4,113
189.4,113
189.6,113
189.7,113
189.8,113
189.9,113
190,113
190.1,113
190.2,113
190.3,113
190.4,113
190.5,113
190.6,113
190.7,113
190.8,113
190.9,113
191,113
191.1,113
191.2,113
191.3,113
191.4,113
191.5,113
191.6,113
191.7,113
191.8,113
191.9,113
192,113
192.1,113
192.2,113
192.3,113
192.4,113
192.5,113
192.6,113
192.7,113
192.8,113
192.9,113
193,113
193.1,113
193.2,113
193.3,113
193.4,113
193.5,113
193.6,113
193.7,113
193.8,113
193.9,113
194,113
194.1,113
194.2,113
194.3,113
194.4,113
194.5,113
194.6,113
194.7,113
194.8,113
194.9,113
195,113
195.1,113
195.2,113
195.3,113
195.4,113
195.5,113
195.6,113
195.7,113
195.8,113
195.9,113
196,113
196.1,113
196.2,113
196.3,113
196.4,113
196.5,113
196.6,113
196.7,113
196.8,113
196.9,113
197,113
197.1,113
197.2,113
197.3,113
197.4,113
197.5,113
197.6,113
197.7,113
197.8,113
197.9,113
198,113
198.1,113
198.2,113
198.3,113
198.4,113
198.5,113
198.6,113
198.7,113
198.8,113
198.9,113
199,111
199.1,110
199.2,110
199.3,110
199.4,110
199.5,110
199.6,110
199.7,110
199.8,112
199.9,116
200,121
200.1,129
200.2,137
200.3,148
200.4,156
200.5,162
200.6,179
200.7,194
200.8,206
201,211
201,217
201.2,227
201.2,234
201.4,240
201.4,247
201.6,252
201.6,255
201.8,261
201.8,262
202,263
202,263
202.2,263
202.2,259
202.4,259
202.4,259
202.6,259
202.6,259
202.8,259
202.8,259
203,259
203,259
203.2,259
203.3,259
203.4,259
203.5,259
203.6,259
203.7,259
203.8,259
203.9,259
204,259
204.1,259
204.2,259
204.3,259
204.4,259
204.5,259
204.6,259
204.7,259
204.8,259
204.9,259
205,259
205.1,259
205.2,259
205.3,259
205.4,259
205.5,259
205.6,259
205.7,259
205.8,259
205.9,259
206,259
206.1,259
206.2,259
206.3,259
206.4,259
206.5,259
206.6,259
206.7,259
206.8,259
206.9,259
207,259
207.1,259
207.2,259
207.3,259
207.4,259
207.5,259
207.6,259
207.7,259
207.8,259
207.9,259
208,259
208.1,259
208.2,259
208.3,259
208.4,259
208.5,259
208.6,259
208.7,259
208.8,259
208.9,259
209,259
209.1,259
209.2,259
209.3,259
209.4,259
209.5,259
209.6,259
209.7,259
209.8,259
209.9,259
210,259
210.1,259
210.2,259
210.3,259
210.4,259
210.5,259
210.6,259
210.7,259
210.8,259
210.9,259
211,259
211.1,259
211.2,259
211.3,259
211.4,259
211.5,259
211.6,259
211.7,259
211.8,259
211.9,259
212,259
212.1,259
212.2,259
212.3,259
212.4,259
212.5,259
212.6,259
212.7,259
212.8,259
212.9,259
213,259
213.1,259
213.2,259
213.3,259
213.4,259
213.5,259
213.6,259
213.7,259
213.8,259
214,259
214,259
214.2,259
214.2,259
214.4,259
214.4,259
214.6,259
214.6,259
214.8,259
214.8,259
215,259
215,259
215.2,259
215.2,259
215.4,259
215.4,259
215.6,259
215.6,259
215.8,259
215.8,259
216,259
216.1,259
216.2,259
216.3,259
216.4,259
216.5,259
216.6,259
216.7,259
216.8,259
216.9,259
217,259
217.1,259
217.2,259
217.3,259
217.4,259
217.5,259
217.6,259
217.7,259
217.8,259
217.8,259
218,259
218.1,259
218.2,259
218.3,259
218.4,259
218.5,259
218.6,259
218.7,259
218.8,259
218.9,259
219,259
219.1,259
219.2,259
219.3,259
219.4,259
219.5,259
219.6,259
219.7,259
219.8,259
219.9,259
220,259
220.1,259
220.2,259
220.3,259
220.4,259
220.5,259
220.6,259
220.7,259
220.8,259
220.9,259
221,259
221.1,259
221.2,259
221.3,259
221.4,259
221.5,259
221.6,259
221.7,259
221.8,259
221.9,259
222,259
222.1,259
222.2,259
222.3,259
222.4,259
222.5,259
222.6,259
222.7,259
222.8,259
222.9,259
223,259
223.1,259
223.2,259
223.3,259
223.4,259
223.5,259
223.6,259
223.7,259
223.8,259
223.9,259
224,259
224.1,259
224.2,259
224.3,259
224.4,259
224.5,261
224.6,239
224.7,224
224.8,193
224.9,175
225,145
225.1,120
225.2,114
225.3,114
225.4,114
225.5,114
225.6,114
225.7,114
225.8,114
225.9,114
226,114
226.2,114
226.2,114
226.3,114
226.4,114
226.5,114
226.6,114
226.7,114
226.8,114
226.9,114
227,114
227.1,114
227.2,114
227.3,114
227.4,114
227.5,114
227.6,114
227.7,114
227.8,114
228,114
228,114
228.2,114
228.2,114
228.4,114
228.4,114
228.6,114
228.6,114
228.8,114
228.8,114
229,114
229,114
229.2,114
229.2,114
229.4,114
229.4,114
229.6,114
229.6,114
229.8,114
229.9,114
230,114
230.1,114
230.2,114
230.3,114
230.4,114
230.5,114
230.6,114
230.7,114
230.8,114
230.9,114
231,114
231.1,114
231.2,114
231.3,114
231.4,114
231.5,114
231.6,114
231.7,114
231.8,114
231.9,114
232,114
232.1,114
232.2,114
232.3,114
232.4,114
232.5,114
232.6,114
232.7,114
232.8,114
232.9,114
233,114
233.1,114
233.2,114
233.3,114
233.4,114
233.5,114
233.6,114
233.7,114
233.8,114
233.9,114
234,114
234.1,114
234.2,114
234.3,114
234.4,114
234.5,114
234.6,114
234.7,114
234.8,114
234.9,114
235,114
235.1,114
235.2,114
235.3,114
235.4,114
235.5,114
235.6,114
235.7,114
235.8,114
235.9,114
236,114
236.1,114
236.2,114
236.3,114
236.4,114
236.5,114
236.6,114
236.7,114
236.8,114
236.9,114
237,114
237.1,114
237.2,114
237.3,114
237.4,114
237.5,114
237.6,114
237.7,114
237.8,114
237.9,114
238,114
238.1,114
238.2,114
238.3,114
238.4,114
238.5,114
238.6,114
238.7,114
238.8,114
238.9,114
239,114
239.1,114
239.2,114
239.3,114
239.4,114
239.5,114
239.6,114
239.7,114
239.8,114
239.9,114
240,114
240.1,114
240.2,114
240.4,114
240.4,114
240.6,114
240.6,114
240.8,114
240.8,114
241,114
241,114
241.2,114
241.2,114
241.4,114
241.4,114
241.6,114
241.6,114
241.8,114
241.8,114
242,114
242,114
242.2,114
242.3,114
242.4,114
242.5,114
242.6,114
242.7,114
242.8,114
242.9,114
243,114
243.1,121
243.2,125
243.3,136
243.4,148
243.5,158
243.6,166
243.7,176
243.8,186
243.9,187
244,189
244.1,191
244.2,192
244.3,192
244.4,192
244.5,192
244.6,192
244.7,192
244.8,192
244.9,192
245,192
245.1,192
245.2,192
245.3,192
245.4,192
245.5,192
245.6,192
245.7,192
245.8,192
245.9,192
246,192
246.1,192
246.2,192
246.3,192
246.4,192
246.5,192
246.6,192
246.7,192
246.8,192
246.9,192
247,192
247.1,192
247.2,192
247.3,192
247.4,192
247.5,192
247.6,192
247.7,192
247.8,192
247.9,192
248,192
248.1,192
248.2,192
248.3,192
248.4,192
248.5,192
248.6,192
248.7,192
248.8,192
248.9,192
249,192
249.1,192
249.2,192
249.3,192
249.4,192
249.5,192
249.6,192
249.7,192
249.8,192
249.9,198
250,184
250.1,161
250.2,102
250.3,46
250.4,-15
250.5,-59
250.6,-108
250.7,-126
250.8,-131
250.9,-133
251,-134
251.1,-134
251.2,-134
251.3,-134
251.4,-134
251.5,-134
251.6,-135
251.7,-135
251.8,-135
251.9,-136
252,-138
252.1,-140
252.2,-144
252.3,-144
252.4,-145
252.5,-148
252.6,-154
252.7,-162
252.8,-167
253,-170
253,-170
253.2,-170
253.2,-170
253.4,-170
253.4,-170
253.6,-170
253.6,-170
253.8,-170
253.8,-170
254,-170
254,-172
254.2,-175
254.2,-175
254.4,-182
254.4,-190
254.6,-204
254.6,-207
254.8,-208
254.8,-208
255,-208
255,-208
255.2,-208
255.2,-208
255.4,-208
255.4,-208
255.6,-208
255.6,-208
255.8,-208
255.8,-208
256,-208
256,-208
256.2,-208
256.2,-208
256.4,-208
256.4,-208
256.6,-208
256.6,-208
256.8,-208
256.8,-208
257,-208
257,-208
257.2,-208
257.2,-208
257.4,-208
257.5,-208
257.6,-208
257.7,-208
257.8,-208
257.9,-208
258,-208
258.1,-208
258.2,-208
258.3,-208
258.4,-208
258.5,-208
258.6,-208
258.7,-208
258.8,-208
258.9,-208
259,-208
259.1,-208
259.2,-208
259.3,-208
259.4,-208
259.5,-208
259.6,-208
259.7,-208
259.8,-208
259.9,-208
260,-208
260.1,-208
260.2,-208
260.3,-208
260.4,-208
260.5,-208
260.6,-204
260.7,-200
260.8,-188
260.9,-174
261,-156
261.1,-143
261.2,-134
261.3,-126
261.4,-114
261.5,-100
261.6,-89
261.7,-76
261.8,-68
261.9,-62
262,-56
262.1,-54
262.2,-54
262.3,-54
262.4,-54
262.5,-54
262.6,-54
262.7,-54
262.8,-54
262.9,-54
263,-54
263.1,-57
263.2,-64
263.3,-76
263.4,-95
263.5,-111
263.6,-123
263.7,-133
263.8,-143
263.9,-154
264,-159
264.1,-160
264.2,-166
264.3,-167
264.4,-167
264.5,-167
264.6,-167
264.7,-167
264.8,-167
264.9,-167
265,-167
265.1,-167
265.2,-168
265.3,-170
265.4,-175
265.5,-181
265.6,-184
265.7,-184
265.8,-184
265.9,-184
266,-184
266.1,-184
266.2,-184
266.3,-184
266.4,-184
266.5,-183
266.6,-181
266.7,-178
266.8,-174
266.9,-169
267,-162
267.1,-135
267.2,-98
267.3,-66
267.4,-39
267.5,-10
267.6,24
267.7,47
267.8,59
267.9,68
268,90
268.2,113
268.2,128
268.4,146
268.4,146
268.6,146
268.6,146
268.8,146
268.8,146
269,146
269,146
269.2,146
269.2,146
269.4,146
269.4,146
269.6,146
269.6,146
269.8,146
269.8,146
270,145
270.1,141
270.2,125
270.3,75
270.4,37
270.5,5
270.6,-14
270.7,-26
270.8,-40
270.9,-48
271,-63
271.1,-78
271.2,-90
271.3,-100
271.4,-104
271.5,-112
271.6,-121
271.7,-128
271.8,-136
271.9,-152
272,-172
272.1,-200
272.2,-227
272.3,-242
272.4,-243
272.5,-243
272.6,-243
272.7,-243
272.8,-243
272.9,-243
273,-243
273.1,-243
273.2,-243
273.3,-243
273.4,-243
273.5,-243
273.6,-243
273.7,-243
273.8,-243
273.9,-243
274,-243
274.1,-243
274.2,-243
274.3,-243
274.4,-243
274.5,-243
274.6,-243
274.7,-243
274.8,-243
274.9,-243
275,-243
275.1,-243
275.2,-243
275.3,-243
275.4,-243
275.5,-243
275.6,-243
275.7,-242
275.8,-242
275.9,-242
276,-242
276.1,-240
276.2,-235
276.3,-220
276.4,-213
276.5,-207
276.6,-205
276.7,-205
276.8,-202
276.9,-202
277,-202
277.1,-202
277.2,-200
277.3,-197
277.4,-190
277.5,-179
277.6,-168
277.7,-167
277.8,-167
277.9,-159
278,-153
278.1,-153
278.2,-153
278.3,-153
278.4,-153
278.5,-153
278.6,-153
278.7,-153
278.8,-153
278.9,-153
279,-153
279.1,-153
279.2,-153
279.3,-153
279.4,-153
279.5,-153
279.6,-153
279.7,-153
279.8,-153
279.9,-153
280,-153
280.1,-152
280.2,-152
280.3,-152
280.4,-152
280.5,-152
280.6,-152
280.7,-152
280.8,-152
280.9,-152
281,-152
281.1,-152
281.2,-152
281.3,-152
281.4,-152
281.6,-152
281.6,-152
281.8,-152
281.8,-152
282,-152
282,-152
282.2,-152
282.2,-152
282.4,-152
282.4,-152
282.6,-152
282.6,-152
282.8,-152
282.8,-152
283,-152
283,-152
283.2,-152
283.2,-152
283.4,-152
283.5,-152
283.6,-152
283.7,-152
283.8,-152
283.9,-152
284,-152
284.1,-152
284.2,-152
284.3,-152
284.4,-152
284.5,-152
284.6,-152
284.7,-152
284.8,-152
284.9,-138
285,-115
285.1,-82
285.2,-53
285.3,-24
285.4,7
285.5,21
285.6,24
285.7,25
285.8,25
285.9,25
286,25
286.1,25
286.2,25
286.3,25
286.4,25
286.5,25
286.6,25
286.7,25
286.8,25
286.9,25
287,25
287.1,25
287.2,25
287.3,25
287.4,25
287.5,25
287.6,25
287.7,25
287.8,25
287.9,25
288,25
288.1,25
288.2,25
288.3,25
288.4,25
288.5,25
288.6,25
288.7,25
288.8,25
288.9,25
289,25
289.1,25
289.2,25
289.3,25
289.4,25
289.5,25
289.6,25
289.7,25
289.8,25
289.9,25
290,25
290.1,25
290.2,25
290.3,25
290.4,25
290.5,25
290.6,25
290.7,25
290.8,25
290.9,25
291,25
291.1,25
291.2,25
291.3,25
291.4,25
291.5,25
291.6,25
291.7,25
291.8,25
291.9,25
292,25
292.1,25
292.2,25
292.3,25
292.4,25
292.5,25
292.6,25
292.7,25
292.8,25
292.9,25
293,25
293.1,25
293.2,25
293.3,25
293.4,25
293.5,25
293.6,25
293.7,25
293.8,26
293.9,33
294,42
294.1,62
294.2,85
294.4,93
294.4,93
294.5,89
294.6,53
294.7,-1
294.8,-36
295,-79
295,-103
295.1,-122
295.2,-144
295.4,-161
295.4,-173
295.6,-187
295.6,-198
295.7,-205
295.8,-205
295.9,-205
296,-205
296.1,-205
296.2,-205
296.4,-205
296.4,-205
296.6,-205
296.6,-205
296.8,-205
296.8,-205
297,-205
297,-205
297.2,-200
297.2,-184
297.4,-155
297.4,-123
297.6,-88
297.6,-54
297.8,-17
297.8,38
298,54
298,54
298.2,54
298.2,54
298.4,54
298.5,54
298.6,54
298.7,54
298.8,54
298.9,54
299,54
299.1,54
299.2,54
299.3,54
299.4,54
299.5,54
299.6,54
299.7,54
299.8,54
299.9,54
300,54
300.1,54
300.2,54
300.3,54
300.4,54
300.5,54
300.6,54
300.7,54
300.8,54
300.9,54
301,54
301.1,54
301.2,54
301.3,54
301.4,54
301.5,54
301.6,54
301.7,54
301.8,54
301.9,54
302,54
302.1,54
302.2,54
302.3,54
302.4,54
302.5,54
302.6,54
302.7,54
302.8,54
302.9,54
303,54
303.1,54
303.2,54
303.3,54
303.4,54
303.5,54
303.6,54
303.7,54
303.8,54
303.9,54
304,54
304.1,54
304.2,54
304.3,54
304.4,54
304.5,54
304.6,54
304.7,54
304.8,54
304.9,54
305,54
305.1,54
305.2,54
305.3,54
305.4,54
305.5,54
305.6,54
305.7,54
305.8,54
305.9,54
306,54
306.1,54
306.2,54
306.3,54
306.4,54
306.5,54
306.6,54
306.7,54
306.8,54
306.9,54
307,54
307.1,54
307.2,54
307.3,54
307.4,54
307.5,54
307.6,54
307.7,54
307.8,54
307.9,54
308,54
308.1,54
308.2,54
308.3,54
308.4,54
308.5,54
308.6,54
308.7,54
308.8,54
309,54
309,54
309.2,54
309.2,54
309.4,54
309.4,54
309.6,54
309.6,54
309.8,54
309.8,54
310,54
310,91
310.2,92
310.2,111
310.4,133
310.4,157
310.6,170
310.7,195
310.8,196
310.9,196
311,196
311.1,196
311.2,196
311.3,196
311.4,196
311.5,196
311.6,196
311.7,196
311.8,196
311.9,196
312,196
312.1,196
312.2,196
312.3,196
312.4,196
312.5,196
312.6,196
312.7,196
312.8,196
312.9,196
313,196
313.1,196
313.2,199
313.3,215
313.4,230
313.5,238
313.6,254
313.7,268
313.8,273
313.9,277
314,280
314.1,280
314.2,280
314.3,280
314.4,280
314.5,280
314.6,280
314.7,280
314.8,280
314.9,280
315,280
315.1,280
315.2,280
315.3,280
315.4,280
315.5,280
315.6,280
315.7,280
315.8,280
315.9,280
316,280
316.1,280
316.2,280
316.3,280
316.4,280
316.5,280
316.6,280
316.7,280
316.8,280
316.9,280
317,280
317.1,280
317.2,280
317.3,280
317.4,280
317.5,280
317.6,280
317.7,280
317.8,280
317.9,280
318,280
318.1,280
318.2,280
318.3,280
318.4,280
318.5,280
318.6,280
318.7,280
318.8,280
318.9,280
319,280
319.1,280
319.2,280
319.3,280
319.4,280
319.5,280
319.6,280
319.7,280
319.8,280
319.9,280
320,280
320.1,280
320.2,280
320.3,280
320.4,280
320.5,280
320.6,280
320.7,280
320.8,280
320.9,280
321,280
321.1,280
321.2,280
321.3,280
321.4,280
321.6,280
321.6,280
321.8,280
321.8,280
322,280
322,287
322.2,290
322.2,298
322.4,300
322.4,300
322.6,300
322.6,300
322.8,300
322.8,300
323,300
323,300
323.2,300
323.2,300
323.4,300
323.4,300
323.6,300
323.6,300
323.8,300
323.8,300
324,300
324,300
324.2,300
324.2,300
324.4,300
324.4,300
324.6,300
324.6,300
324.8,300
324.8,300
325,300
325,300
325.2,300
325.2,300
325.4,300
325.4,300
325.6,300
325.6,300
325.8,300
325.9,300
326,300
326.1,279
326.2,269
326.3,249
326.4,230
326.5,213
326.6,200
326.7,194
326.8,185
326.9,178
327,172
327.1,164
327.2,152
327.3,146
327.4,138
327.5,126
327.6,116
327.7,106
327.8,97
327.9,90
328,80
328.1,64
328.2,53
328.3,47
328.4,33
328.5,20
328.6,9
328.7,-4
328.8,-22
328.9,-33
329,-41
329.1,-42
329.2,-50
329.3,-56
329.4,-67
329.5,-70
329.6,-71
329.7,-73
329.8,-73
329.9,-73
330,-73
330.1,-73
330.2,-73
330.3,-73
330.4,-73
330.5,-73
330.6,-73
330.7,-73
330.8,-73
330.9,-73
331,-73
331.1,-73
331.2,-73
331.3,-73
331.4,-73
331.5,-73
331.6,-73
331.7,-73
331.8,-73
331.9,-73
332,-73
332.1,-73
332.2,-73
332.3,-73
332.4,-73
332.5,-73
332.6,-73
332.7,-73
332.8,-73
332.9,-73
333,-73
333.1,-73
333.2,-73
333.3,-73
333.4,-73
333.5,-73
333.6,-73
333.7,-73
333.8,-73
333.9,-73
334,-73
334.1,-73
334.2,-73
334.3,-73
334.4,-73
334.5,-73
334.6,-73
334.7,-73
334.8,-73
334.9,-73
335,-73
335.1,-73
335.2,-73
335.3,-73
335.4,-73
335.5,-73
335.6,-73
335.7,-73
335.8,-73
335.9,-73
336,-73
336.1,-73
336.2,-73
336.3,-73
336.4,-73
336.5,-73
336.6,-73
336.7,-73
336.8,-73
336.9,-73
337,-73
337.1,-73
337.2,-73
337.4,-73
337.4,-73
337.6,-73
337.6,-73
337.8,-73
337.8,-73
338,-73
338,-73
338.2,-73
338.2,-73
338.4,-73
338.4,-73
338.6,-73
338.6,-73
338.8,-73
338.8,-73
339,-73
339,-73
339.2,-73
339.2,-73
339.4,-73
339.4,-73
339.6,-73
339.7,-73
339.8,-73
339.9,-73
340,-73
340.1,-73
340.2,-72
340.3,-78
340.4,-95
340.5,-119
340.6,-146
340.7,-180
340.8,-190
340.9,-197
341,-204
341.1,-209
341.2,-212
341.3,-218
341.4,-220
341.5,-222
341.6,-224
341.7,-225
341.8,-228
341.9,-228
342,-228
342.1,-228
342.2,-228
342.3,-228
342.4,-228
342.5,-228
342.6,-228
342.7,-228
342.8,-228
342.9,-228
343,-228
343.1,-228
343.2,-228
343.3,-228
343.4,-228
343.5,-228
343.6,-228
343.7,-228
343.8,-228
343.9,-232
344,-234
344.1,-237
344.2,-239
344.3,-239
344.4,-239
344.5,-239
344.6,-239
344.7,-239
344.8,-239
344.9,-237
345,-237
345.1,-237
345.2,-237
345.3,-237
345.4,-237
345.5,-237
345.6,-237
345.7,-237
345.8,-237
345.9,-237
346,-237
346.1,-237
346.2,-237
346.3,-235
346.4,-235
346.5,-235
346.6,-234
346.7,-232
346.8,-228
346.9,-227
347,-227
347.1,-225
347.2,-219
347.3,-213
347.4,-210
347.5,-200
347.6,-193
347.7,-186
347.8,-173
347.9,-149
348,-129
348.1,-117
348.2,-108
348.3,-97
348.4,-79
348.5,-67
348.6,-51
348.7,-39
348.8,-29
348.9,-20
349,-7
349.1,6
349.2,20
349.3,32
349.4,45
349.5,58
349.6,68
349.7,77
349.8,81
350,81
350,81
350.2,81
350.2,81
350.4,81
350.4,81
350.6,81
350.6,81
350.8,81
350.8,81
351,81
351,81
351.2,81
351.2,81
351.4,81
351.4,81
351.6,81
351.6,81
351.8,81
351.8,81
352,81
352.1,81
352.2,81
352.3,81
352.4,81
352.5,81
352.6,81
352.7,81
352.8,81
352.9,81
353,81
353.1,81
353.2,81
353.3,81
353.4,81
353.5,81
353.6,81
353.7,81
353.8,81
353.9,81
354,81
354.1,81
354.2,81
354.3,81
354.4,81
354.5,81
354.6,81
354.7,81
354.8,81
354.9,81
355,81
355.1,81
355.2,81
355.3,81
355.4,81
355.5,81
355.6,81
355.7,81
355.8,81
355.9,81
356,81
356.1,81
356.2,81
356.3,81
356.4,81
356.5,81
356.6,81
356.7,81
356.8,81
356.9,81
357,81
357.1,81
357.2,81
357.3,81
357.4,81
357.5,81
357.6,81
357.7,81
357.8,81
357.9,81
358,81
358.1,81
358.2,81
358.3,81
358.4,81
358.5,81
358.6,81
358.7,81
358.8,81
358.9,81
359,81
359.1,81
359.2,81
359.3,81
359.4,81
359.5,81
359.6,81
359.7,81
359.8,81
359.9,81
360,81
360.1,81
360.2,81
360.3,81
360.4,85
360.5,91
360.6,97
360.7,99
360.8,102
360.9,109
361,115
361.1,124
361.2,137
361.3,151
361.4,162
361.5,171
361.6,180
361.7,189
361.8,195
361.9,202
362,210
362.1,219
362.2,225
362.3,233
362.4,237
362.5,238
362.6,238
362.7,238
362.8,238
362.9,238
363,238
363.1,238
363.2,238
363.3,238
363.4,238
363.5,240
363.6,300
363.8,300
363.8,300
363.9,300
364,300
364.1,300
364.2,300
364.3,300
364.4,300
364.5,300
364.6,300
364.7,300
364.8,300
364.9,300
365,300
365.1,300
365.2,300
365.3,300
365.4,300
365.5,300
365.6,300
365.8,300
365.8,300
366,300
366,300
366.2,300
366.2,300
366.4,300
366.4,300
366.6,300
366.6,300
366.8,300
366.8,300
367,300
367,300
367.2,300
367.2,300
367.4,300
367.4,300
367.6,300
367.7,300
367.8,300
367.9,300
368,300
368.1,300
368.2,300
368.3,300
368.4,300
368.5,300
368.6,300
368.7,300
368.8,300
368.9,300
369,300
369.1,300
369.2,300
369.3,300
369.4,300
369.5,300
369.6,300
369.7,300
369.8,300
369.9,300
370,300
370.1,300
370.2,300
370.3,300
370.4,300
370.5,300
370.6,300
370.7,300
370.8,300
370.9,300
371,300
371.1,300
371.2,300
371.3,300
371.4,300
371.5,300
371.6,300
371.7,300
371.8,300
371.9,300
372,300
372.1,300
372.2,300
372.3,300
372.4,300
372.5,300
372.6,300
372.7,300
372.8,300
372.9,300
373,300
373.1,300
373.2,300
373.3,300
373.4,300
373.5,300
373.6,300
373.7,300
373.8,300
373.9,300
374,300
374.1,300
374.2,300
374.3,300
374.4,300
374.5,300
374.6,300
374.7,300
374.8,300
374.9,300
375,300
375.1,300
375.2,300
375.3,300
375.4,300
375.5,300
375.6,300
375.7,300
375.8,300
375.9,300
376,300
376.1,300
376.2,300
376.3,300
376.4,300
376.5,300
376.6,300
376.7,300
376.8,300
376.9,300
377,300
377.1,300
377.2,300
377.3,300
377.4,300
377.5,300
377.6,300
377.7,300
377.8,300
377.9,300
378,300
378.1,300
378.2,300
378.3,300
378.4,300
378.5,300
378.6,300
378.7,300
378.8,300
379,300
379,300
379.2,300
379.2,300
379.4,300
379.4,300
379.6,300
379.6,300
379.8,300
379.8,300
380,300
380,300
380.2,300
380.2,300
380.4,300
380.4,300
380.6,300
380.6,300
380.8,300
380.8,300
381,300
381.1,300
381.2,300
381.3,300
381.4,300
381.5,300
381.6,300
381.7,300
381.8,300
381.9,300
382,300
382.1,300
382.2,300
382.3,300
382.4,300
382.5,300
382.6,300
382.7,300
382.8,300
382.9,300
383,300
383.1,300
383.2,300
383.3,300
383.4,300
383.5,300
383.6,300
383.7,300
383.8,280
383.9,251
384,221
384.1,203
384.2,203
384.3,203
384.4,202
384.5,196
384.6,190
384.7,176
384.8,170
384.9,164
385,158
385.1,152
385.2,144
385.3,136
385.4,122
385.5,106
385.6,94
385.7,83
385.8,78
385.9,75
386,75
386.1,75
386.2,75
386.3,75
386.4,75
386.5,75
386.6,75
386.7,75
386.8,75
386.9,75
387,75
387.1,75
387.2,75
387.3,75
387.4,72
387.5,68
387.6,68
387.7,63
387.8,63
387.9,63
388,63
388.1,63
388.2,63
388.3,63
388.4,63
388.5,63
388.6,63
388.7,63
388.8,63
388.9,63
389,63
389.1,63
389.2,63
389.3,63
389.4,63
389.5,63
389.6,63
389.7,63
389.8,63
389.9,63
390,63
390.1,63
390.2,63
390.3,63
390.4,63
390.5,63
390.6,63
390.7,63
390.8,63
390.9,63
391,63
391.1,63
391.2,63
391.3,63
391.4,58
391.5,48
391.6,28
391.7,19
391.8,-13
391.9,-42
392,-66
392.2,-89
392.2,-126
392.4,-153
392.4,-183
392.6,-194
392.6,-204
392.8,-204
392.8,-203
393,-203
393,-203
393.2,-203
393.2,-203
393.4,-203
393.4,-203
393.6,-203
393.6,-203
393.8,-203
393.8,-203
394,-203
394,-203
394.2,-203
394.2,-203
394.4,-203
394.4,-203
394.6,-203
394.6,-203
394.8,-203
394.8,-203
395,-203
395,-203
395.2,-203
395.2,-203
395.4,-203
395.4,-203
395.6,-203
395.6,-203
395.8,-203
395.8,-203
396,-203
396,-203
396.2,-203
396.2,-203
396.4,-203
396.4,-203
396.6,-203
396.7,-203
396.8,-203
396.9,-203
397,-203
397.1,-203
397.2,-203
397.3,-203
397.4,-203
397.5,-203
397.6,-203
397.7,-203
397.8,-203
397.9,-203
398,-203
398.1,-203
398.2,-203
398.3,-203
398.4,-203
398.5,-203
398.6,-203
398.7,-203
398.8,-203
398.9,-203
399,-203
399.1,-203
399.2,-203
399.3,-203
399.4,-203
399.5,-203
399.6,-203
399.7,-203
399.8,-203
399.9,-203
400,-203
400.1,-203
400.2,-203
400.3,-203
400.4,-203
400.5,-203
400.6,-206
400.7,-212
400.8,-225
400.9,-239
401,-253
401.1,-263
401.2,-272
401.3,-285
401.4,-288
401.5,-293
401.6,-300
401.7,-300
401.8,-300
401.9,-300
402,-300
402.1,-300
402.2,-300
402.3,-300
402.4,-300
402.5,-300
402.6,-300
402.7,-300
402.8,-300
402.9,-300
403,-300
403.1,-300
403.2,-300
403.3,-300
403.4,-300
403.5,-300
403.6,-300
403.7,-300
403.8,-300
403.9,-300
404,-300
404.1,-300
404.2,-300
404.3,-300
404.4,-300
404.5,-300
404.6,-300
404.7,-300
404.8,-300
404.9,-300
405,-300
405.1,-300
405.2,-300
405.3,-300
405.4,-300
405.5,-300
405.6,-300
405.7,-300
405.8,-300
405.9,-300
406,-300
406.1,-300
406.2,-300
406.3,-300
406.4,-300
406.5,-300
406.6,-300
406.7,-300
406.8,-300
406.9,-300
407,-300
407.1,-300
407.2,-300
407.3,-300
407.4,-300
407.5,-300
407.6,-300
407.7,-300
407.8,-300
408,-300
408,-300
408.2,-300
408.2,-300
408.4,-300
408.4,-300
408.6,-300
408.6,-300
408.8,-300
408.8,-300
409,-300
409,-300
409.2,-300
409.2,-300
409.4,-300
409.4,-300
409.6,-300
409.6,-300
409.8,-300
409.8,-300
410,-300
410,-298
410.2,-234
410.3,-175
410.4,-144
410.5,-110
410.6,-95
410.7,-92
410.8,-87
410.9,-87
411,-87
411.1,-87
411.2,-87
411.3,-87
411.4,-87
411.5,-87
411.6,-87
411.7,-87
411.8,-87
411.9,-87
412,-87
412.1,-87
412.2,-87
412.3,-87
412.4,-87
412.5,-87
412.6,-87
412.7,-87
412.8,-87
412.9,-87
413,-87
413.1,-87
413.2,-87
413.3,-87
413.4,-87
413.5,-87
413.6,-87
413.7,-87
413.8,-87
413.9,-87
414,-87
414.1,-87
414.2,-79
414.3,-61
414.4,-42
414.5,-28
414.6,3
414.7,20
414.8,20
414.9,20
415,20
415.1,21
415.2,21
415.3,21
415.4,20
415.5,20
415.6,20
415.7,20
415.8,20
415.9,20
416,20
416.1,20
416.2,20
416.3,20
416.4,20
416.5,20
416.6,20
416.7,20
416.8,20
416.9,20
417,20
417.1,20
417.2,20
417.3,20
417.4,20
417.5,20
417.6,20
417.7,20
417.8,20
417.9,8
418,7
418.1,-20
418.2,-57
418.3,-107
418.4,-150
418.5,-191
418.6,-236
418.7,-250
418.8,-253
418.9,-254
419,-254
419.1,-254
419.2,-254
419.3,-254
419.4,-254
419.5,-254
419.6,-254
419.7,-254
419.8,-254
419.9,-254
420,-254
420.1,-254
420.2,-254
420.4,-254
420.4,-254
420.6,-254
420.6,-254
420.8,-254
420.8,-254
421,-254
421,-254
421.2,-254
421.2,-254
421.4,-254
421.4,-254
421.6,-254
421.6,-254
421.8,-254
421.8,-254
422,-254
422,-254
422.2,-254
422.2,-254
422.4,-254
422.5,-254
422.6,-254
422.7,-254
422.8,-254
422.9,-254
423,-254
423.1,-254
423.2,-254
423.3,-254
423.4,-256
423.5,-256
423.6,-257
423.7,-260
423.8,-260
423.9,-260
424,-256
424.1,-252
424.2,-246
424.3,-235
424.4,-225
424.5,-209
424.6,-186
424.7,-173
424.8,-152
424.9,-124
425,-115
425.1,-111
425.2,-106
425.3,-95
425.4,-80
425.5,-66
425.6,-50
425.7,-29
425.8,-3
425.9,12
426,22
426.1,37
426.2,47
426.3,58
426.4,66
426.5,73
426.6,78
426.7,84
426.8,91
426.9,96
427,101
427.1,102
427.2,102
427.3,103
427.4,106
427.5,109
427.6,112
427.7,116
427.8,120
427.9,124
428,139
428.1,156
428.2,169
428.3,188
428.4,195
428.5,197
428.6,197
428.7,197
428.8,197
428.9,197
429,197
429.1,197
429.2,197
429.3,197
429.4,197
429.5,197
429.6,197
429.7,197
429.8,197
429.9,197
430,197
430.1,197
430.2,197
430.3,197
430.4,197
430.5,197
430.6,197
430.7,197
430.8,197
430.9,197
431,197
431.1,195
431.2,192
431.3,189
431.4,188
431.5,187
431.6,187
431.7,187
431.8,187
431.9,187
432,187
432.1,187
432.2,187
432.3,187
432.4,187
432.5,187
432.6,187
432.7,187
432.8,187
432.9,187
433,187
433.1,187
433.2,187
433.3,187
433.4,187
433.5,187
433.6,187
433.7,187
433.8,187
433.9,187
434,187
434.1,187
434.2,187
434.3,187
434.4,187
434.5,187
434.6,187
434.7,187
434.8,187
434.9,187
435,187
435.1,187
435.2,187
435.3,187
435.4,187
435.5,187
435.6,187
435.7,187
435.8,187
435.9,187
436,187
436.2,187
436.2,187
436.4,187
436.4,187
436.6,187
436.6,187
436.8,187
436.8,187
437,187
437,187
437.2,187
437.2,187
437.4,187
437.4,187
437.6,187
437.6,187
437.8,187
437.8,187
438,187
438,187
438.2,187
438.3,187
438.4,187
438.5,187
438.6,187
438.7,187
438.8,187
438.9,187
439,187
439.1,187
439.2,187
439.3,190
439.4,191
439.5,185
439.6,176
439.7,166
439.8,156
439.9,156
440,156
440.1,155
440.2,151
440.3,140
440.4,133
440.5,126
440.6,121
440.7,119
440.8,119
440.9,118
441,116
441.1,120
441.2,156
441.3,197
441.4,225
441.5,230
441.6,230
441.7,230
441.8,228
441.9,226
442,205
442.1,178
442.2,141
442.3,106
442.4,77
442.5,39
442.6,-1
442.7,-42
442.8,-77
442.9,-102
443,-117
443.1,-133
443.2,-149
443.3,-160
443.4,-166
443.5,-173
443.6,-184
443.7,-193
443.8,-193
443.9,-193
444,-193
444.1,-193
444.2,-193
444.3,-193
444.4,-193
444.5,-193
444.6,-193
444.7,-193
444.8,-193
444.9,-193
445,-193
445.1,-193
445.2,-193
445.3,-193
445.4,-193
445.5,-192
445.6,-186
445.7,-164
445.8,-146
445.9,-125
446,-89
446.1,-73
446.2,-56
446.3,-34
446.4,-27
446.5,-20
446.6,-5
446.7,14
446.8,27
446.9,50
447,70
447.1,84
447.2,100
447.3,112
447.4,123
447.5,125
447.6,127
447.7,127
447.8,127
447.9,127
448,127
448.1,127
448.2,127
448.3,127
448.4,127
448.5,127
448.6,127
448.7,127
448.8,127
448.9,127
449,127
449.1,127
449.2,127
449.4,127
449.4,127
449.6,127
449.6,127
449.8,127
449.8,127
450,127
450,127
450.2,127
450.2,127
450.4,127
450.4,127
450.6,127
450.6,127
450.8,136
450.8,144
451,154
451,163
451.2,163
451.3,163
451.4,163
451.5,163
451.6,163
451.7,163
451.8,163
451.9,163
452,163
452.1,163
452.2,163
452.3,163
452.4,163
452.5,163
452.6,163
452.7,163
452.8,163
452.9,163
453,163
453.1,163
453.2,163
453.3,163
453.4,163
453.5,163
453.6,163
453.7,163
453.8,163
453.9,163
454,163
454.1,163
454.2,163
454.3,163
454.4,163
454.5,163
454.6,163
454.7,163
454.8,163
454.9,163
455,163
455.1,163
455.2,163
455.3,163
455.4,163
455.5,163
455.6,163
455.7,163
455.8,163
455.9,163
456,163
456.1,163
456.2,163
456.3,163
456.4,163
456.5,163
456.6,163
456.7,163
456.8,163
456.9,163
457,163
457.1,163
457.2,163
457.3,163
457.4,163
457.5,163
457.6,163
457.7,163
457.8,163
457.9,162
458,112
458.1,105
458.2,75
458.3,48
458.4,29
458.5,20
458.6,9
458.7,0
458.8,-14
458.9,-19
459,-19
459.1,-19
459.2,-19
459.3,-19
459.4,-19
459.5,-19
459.6,-19
459.7,-19
459.8,-19
459.9,-19
460,-19
460.1,-19
460.2,-19
460.3,-19
460.4,-19
460.5,-19
460.6,-19
460.7,-24
460.8,-78
460.9,-105
461,-125
461.1,-143
461.2,-143
461.3,-143
461.4,-143
461.5,-143
461.6,-143
461.7,-143
461.8,-143
461.9,-143
462,-143
462.1,-143
462.2,-143
462.3,-143
462.4,-143
462.5,-143
462.6,-143
462.8,-143
462.8,-143
463,-143
463,-143
463.2,-143
463.2,-143
463.4,-143
463.4,-143
463.6,-143
463.6,-143
463.8,-143
463.8,-143
464,-143
464,-143
464.2,-143
464.2,-143
464.4,-143
464.4,-143
464.6,-143
464.6,-143
464.8,-143
464.8,-143
465,-143
465,-143
465.2,-143
465.2,-143
465.4,-143
465.4,-143
465.6,-143
465.6,-143
465.8,-143
465.8,-143
466,-143
466,-143
466.2,-143
466.2,-143
466.4,-143
466.4,-143
466.6,-143
466.6,-143
466.8,-143
466.8,-143
467,-143
467,-143
467.2,-143
467.3,-143
467.4,-143
467.5,-143
467.6,-143
467.7,-143
467.8,-143
467.9,-143
468,-143
468.1,-143
468.2,-143
468.3,-143
468.4,-143
468.5,-143
468.6,-143
468.7,-143
468.8,-143
468.8,-143
469,-143
469.1,-143
469.2,-143
469.3,-143
469.4,-143
469.5,-143
469.6,-143
469.7,-126
469.8,-106
469.9,-93
470,-69
470.1,-55
470.2,-52
470.3,-52
470.4,-51
470.5,-49
470.6,-44
470.7,-38
470.8,-30
470.9,-25
471,-18
471.1,-10
471.2,-3
471.3,4
471.4,11
471.5,20
471.6,25
471.7,33
471.8,38
471.9,41
472,42
472.1,42
472.2,42
472.3,42
472.4,42
472.5,42
472.6,42
472.7,42
472.8,26
472.9,-11
473,-36
473.1,-49
473.2,-60
473.3,-74
473.4,-84
473.5,-94
473.6,-99
473.7,-105
473.8,-108
473.9,-109
474,-109
474.1,-109
474.2,-109
474.3,-109
474.4,-109
474.5,-109
474.6,-109
474.7,-109
474.8,-109
474.9,-109
475,-109
475.1,-109
475.2,-109
475.3,-109
475.4,-109
475.5,-109
475.6,-109
475.7,-109
475.8,-109
475.9,-109
476,-109
476.1,-109
476.2,-109
476.3,-109
476.4,-109
476.5,-109
476.6,-109
476.7,-109
476.8,-109
476.9,-109
477,-109
477.1,-109
477.2,-109
477.3,-109
477.4,-109
477.6,-107
477.6,-100
477.8,-85
477.8,-72
478,-57
478,-39
478.2,-22
478.2,-10
478.4,3
478.4,10
478.6,23
478.6,31
478.8,43
478.8,52
479,61
479,65
479.2,69
479.2,74
479.4,79
479.4,82
479.6,82
479.7,82
479.8,82
479.9,81
480,81
480.1,81
480.2,81
480.3,81
480.4,81
480.5,81
480.6,81
480.7,81
480.8,81
480.9,81
481,81
481.1,81
481.2,81
481.3,81
481.4,81
481.5,81
481.6,81
481.7,81
481.8,81
481.9,81
482,81
482.1,81
482.2,81
482.3,81
482.4,81
482.5,81
482.6,81
482.7,81
482.8,81
482.9,81
483,81
483.1,81
483.2,81
483.3,81
483.4,81
483.5,81
483.6,81
483.7,81
483.8,81
483.9,81
484,81
484.1,81
484.2,81
484.3,81
484.4,81
484.5,81
484.6,81
484.7,81
484.8,81
484.9,81
485,81
485.1,81
485.2,81
485.3,81
485.4,81
485.5,81
485.6,81
485.7,81
485.8,81
485.9,83
486,95
486.1,122
486.2,148
486.3,171
486.4,199
486.5,222
486.6,246
486.7,260
486.8,262
486.9,262
487,262
487.1,262
487.2,262
487.3,262
487.4,262
487.5,262
487.6,262
487.7,262
487.8,262
487.9,262
488,262
488.1,262
488.2,262
488.3,262
488.4,262
488.5,262
488.6,262
488.7,262
488.8,262
488.9,262
489,262
489.1,262
489.2,262
489.3,262
489.4,262
489.5,262
489.6,262
489.7,262
489.8,262
489.9,262
490,262
490.1,262
490.2,262
490.4,262
490.4,262
490.6,262
490.6,262
490.8,262
490.8,262
491,262
491,262
491.2,262
491.2,262
491.4,262
491.4,262
491.6,262
491.6,262
491.8,262
491.8,262
492,262
492.1,262
492.2,262
492.3,262
492.4,262
492.5,262
492.6,262
492.7,262
492.8,262
492.9,262
493,262
493.1,263
493.2,269
493.3,251
493.4,204
493.5,165
493.6,142
493.7,127
493.8,123
493.8,123
494,123
494.1,123
494.2,123
494.3,123
494.4,123
494.5,123
494.6,123
494.7,123
494.8,123
494.9,123
495,123
495.1,123
495.2,123
495.3,123
495.4,123
495.5,123
495.6,123
495.7,123
495.8,123
495.9,123
496,123
496.1,123
496.2,123
496.3,123
496.4,123
496.5,123
496.6,123
496.7,123
496.8,123
496.9,123
497,123
497.1,123
497.2,123
497.3,123
497.4,123
497.5,123
497.6,123
497.7,123
497.8,123
497.9,123
498,123
498.1,123
498.2,123
498.3,123
498.4,123
498.5,123
498.6,123
498.7,123
498.8,123
498.9,123
499,123
499.1,120
499.2,114
499.3,108
499.4,102
499.5,98
499.6,92
499.7,88
499.8,80
499.9,80
500,80
500.1,80
500.2,80
500.3,80
500.4,80
500.5,80
500.6,80
500.7,80
500.8,80
500.9,80
501,80
501.1,80
501.2,80
501.3,80
501.4,80
501.5,80
501.6,80
501.7,77
501.8,74
501.9,72
502,72
502.1,68
502.2,62
502.3,47
502.4,24
502.5,-28
502.6,-84
502.7,-102
502.8,-105
502.9,-109
503,-110
503.1,-112
503.2,-112
503.3,-114
503.4,-116
503.5,-116
503.6,-116
503.7,-116
503.8,-116
503.9,-116
504,-116
504.1,-116
504.2,-116
504.3,-116
504.4,-116
504.5,-116
504.6,-116
504.7,-116
504.8,-116
504.9,-116
505,-116
505.2,-116
505.2,-116
505.4,-116
505.4,-116
505.6,-116
505.6,-116
505.8,-116
505.8,-116
506,-116
506,-116
506.2,-116
506.2,-116
506.4,-116
506.4,-116
506.6,-116
506.6,-116
506.8,-116
506.8,-116
507,-116
507.1,-116
507.2,-116
507.3,-116
507.4,-116
507.5,-116
507.6,-116
507.7,-116
507.8,-112
507.9,-108
508,-97
508.1,-95
508.2,-92
508.3,-108
508.4,-123
508.5,-138
508.6,-163
508.7,-169
508.8,-169
508.9,-169
509,-169
509.1,-169
509.2,-169
509.3,-169
509.4,-169
509.5,-169
509.6,-169
509.7,-169
509.8,-169
509.9,-169
510,-169
510.1,-169
510.2,-169
510.3,-169
510.4,-169
510.5,-169
510.6,-169
510.7,-169
510.8,-169
510.9,-169
511,-169
511.1,-169
511.2,-165
511.3,-154
511.4,-140
511.5,-123
511.6,-104
511.7,-86
511.8,-72
511.9,-55
512,-37
512.1,-26
512.2,-8
512.3,6
512.4,14
512.5,20
512.6,21
512.7,22
512.8,22
512.9,22
513,22
513.1,22
513.2,22
513.3,22
513.4,22
513.5,22
513.6,22
513.7,22
513.8,22
513.9,22
514,22
514.1,22
514.2,22
514.3,22
514.4,22
514.5,22
514.6,22
514.7,22
514.8,22
514.9,22
515,22
515.1,22
515.2,22
515.3,22
515.4,22
515.5,22
515.6,22
515.7,22
515.8,22
515.9,22
516,22
516.1,22
516.2,22
516.3,22
516.4,22
516.5,22
516.6,22
516.7,22
516.8,22
516.9,22
517,22
517.1,22
517.2,22
517.3,22
517.4,22
517.5,22
517.6,22
517.7,22
517.8,22
518,22
518,22
518.2,22
518.2,22
518.4,22
518.4,22
518.6,22
518.6,22
518.8,22
518.8,22
519,43
519,69
519.2,88
519.2,109
519.4,126
519.4,135
519.6,138
519.6,141
519.8,146
519.9,148
520,153
520.1,161
520.2,162
520.3,162
520.4,162
520.5,162
520.6,162
520.7,162
520.8,162
520.9,162
521,162
521.1,162
521.2,162
521.3,162
521.4,162
521.5,162
521.6,162
521.7,162
521.8,162
521.9,162
522,162
522.1,162
522.2,162
522.3,162
522.4,162
522.5,162
522.6,162
522.7,162
522.8,162
522.9,162
523,162
523.1,162
523.2,162
523.3,162
523.4,162
523.5,162
523.6,162
523.7,162
523.8,162
523.9,162
524,162
524.1,162
524.2,162
524.3,162
524.4,162
524.5,162
524.6,162
524.7,162
524.8,162
524.9,162
525,162
525.1,162
525.2,162
525.3,162
525.4,162
525.5,162
525.6,162
525.7,162
525.8,162
525.9,162
526,162
526.1,162
526.2,162
526.3,162
526.4,162
526.5,162
526.6,162
526.7,162
526.8,162
526.9,162
527,162
527.1,162
527.2,162
527.3,162
527.4,162
527.5,162
527.6,162
527.7,162
527.8,162
527.9,162
528,162
528.1,162
528.2,162
528.3,162
528.4,162
528.5,162
528.6,162
528.7,162
528.8,162
528.9,162
529,162
529.1,162
529.2,162
529.3,162
529.4,162
529.5,162
529.6,162
529.7,162
529.8,162
529.9,162
530,162
530.1,162
530.2,162
530.3,162
530.4,162
530.5,162
530.6,162
530.7,162
530.8,162
531,162
531,162
531.2,162
531.2,162
531.4,162
531.4,162
531.6,162
531.6,162
531.8,162
531.8,162
532,162
532,162
532.2,162
532.2,162
532.4,162
532.4,162
532.6,162
532.6,162
532.8,162
532.8,162
533,162
533,162
533.2,162
533.2,162
533.4,162
533.4,162
533.6,162
533.6,162
533.8,162
533.8,162
534,162
534,162
534.2,162
534.2,162
534.4,162
534.4,162
534.6,162
534.6,162
534.8,162
534.8,162
535,162
535,162
535.2,162
535.2,162
535.4,162
535.4,162
535.6,162
535.7,162
535.8,162
535.9,162
536,162
536.1,162
536.2,162
536.3,162
536.4,162
536.5,159
536.6,158
536.7,155
536.8,153
536.9,149
537,145
537.1,142
537.2,136
537.3,130
537.4,115
537.5,75
537.6,46
537.7,31
537.8,-11
537.9,-50
538,-86
538.1,-114
538.2,-135
538.3,-148
538.4,-164
538.5,-174
538.6,-182
538.7,-182
538.8,-182
538.9,-182
539,-182
539.1,-182
539.2,-182
539.3,-182
539.4,-182
539.5,-182
539.6,-182
539.7,-182
539.8,-182
539.9,-179
540,-169
540.1,-156
540.2,-150
540.3,-144
540.4,-135
540.5,-129
540.6,-123
540.7,-117
540.8,-110
540.9,-108
541,-106
541.1,-105
541.2,-104
541.3,-104
541.4,-104
541.5,-104
541.6,-104
541.7,-104
541.8,-104
541.9,-104
542,-104
542.1,-104
542.2,-104
542.3,-104
542.4,-104
542.5,-104
542.6,-104
542.7,-104
542.8,-104
542.9,-104
543,-104
543.1,-104
543.2,-104
543.3,-104
543.4,-104
543.5,-104
543.6,-104
543.7,-104
543.8,-104
543.9,-104
544,-104
544.1,-104
544.2,-104
544.3,-104
544.4,-104
544.5,-104
544.6,-104
544.7,-104
544.8,-104
544.9,-104
545,-104
545.1,-104
545.2,-104
545.3,-104
545.4,-104
545.5,-104
545.6,-104
545.7,-104
545.8,-104
545.9,-104
546,-104
546.1,-104
546.2,-104
546.3,-104
546.4,-104
546.6,-104
546.6,-104
546.8,-104
546.8,-104
547,-104
547,-104
547.2,-104
547.2,-104
547.4,-104
547.4,-104
547.6,-112
547.6,-122
547.8,-122
547.8,-133
548,-148
548,-156
548.2,-163
548.2,-171
548.4,-174
548.4,-174
548.6,-174
548.7,-174
548.8,-174
548.9,-174
549,-174
549.1,-174
549.2,-174
549.3,-174
549.4,-174
549.5,-174
549.6,-174
549.7,-174
549.8,-174
549.9,-174
550,-174
550.1,-174
550.2,-174
550.3,-174
550.4,-174
550.5,-174
550.6,-174
550.7,-174
550.8,-174
550.9,-174
551,-174
551.1,-174
551.2,-174
551.3,-174
551.4,-174
551.5,-174
551.6,-174
551.7,-174
551.8,-174
551.9,-174
552,-174
552.1,-174
552.2,-174
552.3,-174
552.4,-174
552.5,-174
552.6,-174
552.7,-174
552.8,-175
552.9,-175
553,-175
553.1,-161
553.2,-147
553.3,-134
553.4,-130
553.5,-129
553.6,-129
553.7,-129
553.8,-129
553.9,-129
554,-129
554.1,-129
554.2,-129
554.3,-129
554.4,-129
554.5,-129
554.6,-129
554.7,-129
554.8,-129
554.9,-129
555,-129
555.1,-129
555.2,-122
555.3,-110
555.4,-77
555.5,-13
555.6,27
555.7,84
555.8,139
555.9,160
556,169
556.1,170
556.2,170
556.3,170
556.4,170
556.5,170
556.6,170
556.7,170
556.8,170
556.9,170
557,170
557.1,170
557.2,170
557.3,170
557.4,170
557.5,167
557.6,145
557.7,67
557.8,-21
557.9,-91
558,-187
558.1,-248
558.2,-300
558.3,-300
558.4,-300
558.5,-300
558.6,-300
558.7,-300
558.8,-300
558.9,-300
559,-300
559.1,-300
559.2,-300
559.3,-300
559.4,-300
559.6,-300
559.6,-300
559.8,-300
559.8,-300
560,-300
560,-300
560.2,-300
560.2,-300
560.4,-300
560.4,-300
560.6,-300
560.6,-300
560.8,-300
560.8,-300
561,-300
561,-300
561.2,-300
561.2,-300
561.4,-300
561.5,-300
561.6,-300
561.6,-300
561.8,-300
561.8,-300
562,-300
562,-300
562.2,-300
562.2,-300
562.4,-300
562.4,-300
562.6,-300
562.6,-300
562.8,-300
562.8,-300
563,-300
563,-300
563.2,-300
563.2,-300
563.4,-300
563.5,-300
563.6,-300
563.7,-300
563.8,-300
563.9,-300
564,-300
564.1,-262
564.2,-172
564.3,-44
564.4,22
564.5,56
564.6,64
564.7,75
564.8,96
564.9,107
565,107
565.1,106
565.2,98
565.3,90
565.4,75
565.5,43
565.6,-12
565.7,-51
565.8,-74
565.9,-102
566,-125
566.1,-128
566.2,-128
566.3,-128
566.4,-128
566.5,-128
566.6,-128
566.7,-128
566.8,-128
566.9,-128
567,-128
567.1,-128
567.2,-128
567.3,-128
567.4,-128
567.5,-128
567.6,-128
567.7,-128
567.8,-128
567.9,-128
568,-128
568.1,-128
568.2,-128
568.3,-128
568.4,-128
568.5,-128
568.6,-130
568.7,-131
568.8,-131
568.9,-131
569,-132
569.1,-150
569.2,-150
569.3,-151
569.4,-151
569.5,-151
569.6,-152
569.7,-152
569.8,-152
569.9,-152
570,-150
570.1,-145
570.2,-135
570.3,-122
570.4,-98
570.5,-65
570.6,-32
570.7,-1
570.8,21
570.9,46
571,67
571.1,91
571.2,114
571.3,126
571.4,148
571.5,161
571.6,166
571.7,166
571.8,166
571.9,166
572,166
572.1,166
572.2,166
572.3,166
572.4,166
572.5,166
572.6,166
572.7,166
572.8,166
572.9,166
573,166
573.1,166
573.2,166
573.3,166
573.4,166
573.6,164
573.6,164
573.8,164
573.8,164
574,164
574,164
574.2,164
574.2,164
574.4,164
574.4,164
574.6,164
574.6,164
574.8,164
574.8,164
575,164
575,164
575.2,164
575.2,164
575.4,164
575.4,164
575.6,164
575.6,164
575.8,164
575.9,164
576,164
576.1,164
576.2,145
576.3,121
576.4,95
576.4,79
576.6,78
576.7,78
576.8,78
576.9,78
577,78
577.1,78
577.2,78
577.3,78
577.4,78
577.5,78
577.6,78
577.7,78
577.8,78
577.9,78
578,78
578.1,78
578.2,78
578.3,78
578.4,78
578.5,78
578.6,78
578.7,78
578.8,78
578.9,78
579,78
579.1,78
579.2,78
579.3,78
579.4,78
579.5,78
579.6,78
579.7,78
579.8,78
579.9,78
580,78
580.1,78
580.2,78
580.3,78
580.4,78
580.5,78
580.6,78
580.7,78
580.8,78
580.9,78
581,78
581.1,78
581.2,78
581.3,78
581.4,78
581.5,78
581.6,78
581.7,78
581.8,78
581.9,78
582,78
582.1,78
582.2,78
582.3,78
582.4,78
582.5,78
582.6,78
582.7,78
582.8,78
582.9,75
583,60
583.1,45
583.2,22
583.3,9
583.4,-1
583.5,-5
583.6,-5
583.7,-5
583.8,-5
583.9,-5
584,-5
584.1,-5
584.2,-5
584.3,-5
584.4,-5
584.5,-5
584.6,-5
584.7,-5
584.8,-5
584.9,-5
585,-5
585.1,-5
585.2,-5
585.3,-5
585.4,-5
585.5,-5
585.6,-5
585.7,-5
585.8,-5
585.9,-5
586,-5
586.1,-5
586.2,-5
586.4,-5
586.4,-5
586.6,-5
586.6,-5
586.8,-5
586.8,-5
587,-5
587,-5
587.2,-5
587.2,-5
587.4,-5
587.4,-5
587.6,-5
587.6,-5
587.8,-5
587.8,-5
588,-5
588,-5
588.2,-5
588.2,-5
588.4,-5
588.5,-5
588.6,-5
588.7,-5
588.8,-5
588.9,-5
589,-5
589.1,-5
589.2,-5
589.3,-5
589.4,-5
589.5,-5
589.6,-5
589.7,-5
589.8,-5
589.9,-5
590,-5
590.1,-5
590.2,-5
590.3,-5
590.4,-5
590.5,-5
590.6,-5
590.7,-5
590.8,-5
590.9,-5
591,-5
591.1,-5
591.2,-5
591.3,-5
591.4,-5
591.5,-2
591.6,16
591.7,29
591.8,50
591.9,63
592,80
592.1,89
592.2,101
592.3,121
592.4,129
592.5,130
592.6,121
592.7,119
592.8,119
592.9,119
593,119
593.1,119
593.2,119
593.3,119
593.4,119
593.5,119
593.6,118
593.7,118
593.8,118
593.9,118
594,118
594.1,118
594.2,118
594.3,118
594.4,118
594.5,118
594.6,118
594.7,118
594.8,118
594.9,118
595,118
595.1,118
595.2,118
595.3,118
595.4,118
595.5,118
595.6,118
595.7,118
595.8,118
595.9,118
596,118
596.1,118
596.2,118
596.3,118
596.4,118
596.5,118
596.6,118
596.7,118
596.8,118
596.9,118
597,118
597.1,118
597.2,118
597.3,118
597.4,118
597.5,118
597.6,118
597.7,118
597.8,118
597.9,118
598,118
598.1,118
598.2,118
598.3,118
598.4,118
598.5,118
598.6,118
598.8,118
598.8,118
599,118
599,118
599.2,118
599.2,118
599.4,118
599.4,118
599.6,118
599.6,118
599.8,118
599.8,118
600,118
600,118
600.2,118
600.2,118
600.4,118
600.4,118
600.6,118
600.6,117
600.8,117
600.8,102
601,94
601,94
601.2,87
601.2,69
601.4,38
601.4,3
601.6,-35
601.6,-48
601.8,-82
601.8,-94
602,-104
602,-121
602.2,-121
602.2,-121
602.4,-122
602.4,-122
602.6,-122
602.6,-122
602.8,-122
602.8,-122
603,-122
603,-122
603.2,-122
603.2,-122
603.4,-122
603.5,-122
603.6,-122
603.7,-122
603.8,-122
603.9,-122
604,-122
604.1,-122
604.2,-122
604.3,-122
604.4,-122
604.5,-122
604.6,-122
604.7,-122
604.8,-122
604.9,-122
605,-122
605.1,-122
605.2,-122
605.3,-122
605.4,-122
605.5,-122
605.6,-122
605.7,-122
605.8,-122
605.9,-122
606,-122
606.1,-122
606.2,-122
606.3,-122
606.4,-122
606.5,-122
606.6,-122
606.7,-122
606.8,-122
606.9,-122
607,-122
607.1,-122
607.2,-122
607.3,-122
607.4,-122
607.5,-122
607.6,-122
607.7,-122
607.8,-122
607.9,-122
608,-122
608.1,-122
608.2,-122
608.3,-122
608.4,-122
608.5,-122
608.6,-122
608.7,-122
608.8,-122
608.9,-92
609,-55
609.1,-7
609.2,56
609.3,70
609.4,109
609.5,142
609.6,152
609.7,154
609.8,155
609.9,154
610,154
610.1,154
610.2,154
610.3,154
610.4,154
610.5,154
610.6,154
610.7,154
610.8,154
610.9,154
611,154
611.1,154
611.2,154
611.3,154
611.4,154
611.5,154
611.6,154
611.7,154
611.8,154
611.9,154
612,154
612.1,154
612.2,154
612.3,154
612.4,154
612.5,154
612.6,154
612.7,154
612.8,154
612.9,154
613,154
613.1,154
613.2,154
613.3,154
613.4,154
613.5,154
613.6,154
613.7,154
613.8,154
613.9,154
614,154
614.1,154
614.2,154
614.3,154
614.4,154
614.6,147
614.6,140
614.8,140
614.8,140
615,140
615,140
615.2,140
615.2,140
615.4,140
615.4,140
615.6,140
615.6,136
615.8,136
615.8,136
616,136
616,136
616.2,136
616.2,136
616.4,136
616.4,136
616.6,136
616.7,136
616.8,112
616.9,126
617,145
617.1,166
617.2,198
617.3,218
617.4,226
617.5,236
617.6,243
617.7,243
617.8,243
617.9,243
618,242
618.1,241
618.2,241
618.3,241
618.4,241
618.5,241
618.6,241
618.7,241
618.8,240
618.9,240
619,240
619.1,240
619.2,240
619.3,240
619.4,240
619.5,240
619.6,230
619.7,193
619.8,192
619.9,185
620,185
620.1,185
620.2,185
620.3,185
620.4,185
620.5,185
620.6,185
620.7,185
620.8,185
620.9,185
621,185
621.1,185
621.2,185
621.3,185
621.4,185
621.5,185
621.6,185
621.7,185
621.8,185
621.9,185
622,185
622.1,185
622.2,185
622.3,185
622.4,185
622.5,185
622.6,185
622.7,185
622.8,185
622.9,185
623,185
623.1,185
623.2,185
623.3,185
623.4,185
623.5,185
623.6,185
623.7,185
623.8,185
623.9,185
624,185
624.1,185
624.2,185
624.3,185
624.4,185
624.5,185
624.6,185
624.7,185
624.8,185
624.9,185
625,185
625.1,185
625.2,185
625.3,185
625.4,185
625.5,185
625.6,185
625.7,185
625.8,185
625.9,185
626,185
626.1,185
626.2,185
626.3,185
626.4,185
626.5,185
626.6,185
626.8,185
626.8,185
627,185
627,185
627.2,185
627.2,185
627.4,185
627.4,185
627.6,185
627.6,185
627.8,185
627.8,185
628,185
628,185
628.2,185
628.2,185
628.4,185
628.4,185
628.6,185
628.7,185
628.8,185
628.9,185
629,185
629,185
629.2,185
629.3,185
629.4,185
629.5,185
629.6,185
629.6,185
629.8,185
629.8,185
630,185
630,185
630.2,185
630.2,185
630.4,185
630.4,185
630.6,185
630.6,185
630.8,185
630.9,185
631,185
631.1,185
631.2,185
631.3,185
631.4,185
631.5,185
631.6,185
631.7,185
631.8,185
631.9,185
632,185
632.1,185
632.2,185
632.3,185
632.4,185
632.5,185
632.6,185
632.7,185
632.8,185
632.9,185
633,185
633.1,185
633.2,185
633.3,185
633.4,185
633.5,185
633.6,185
633.7,185
633.8,185
633.9,185
634,185
634.1,185
634.2,185
634.3,185
634.4,185
634.5,185
634.6,185
634.7,185
634.8,185
634.9,185
635,185
635.1,185
635.2,185
635.3,185
635.4,185
635.5,185
635.6,185
635.7,185
635.8,185
635.9,185
636,174
636.1,117
636.2,103
636.3,50
636.4,17
636.5,-15
636.6,-46
636.7,-62
636.8,-93
636.9,-112
637,-130
637.1,-148
637.2,-165
637.3,-172
637.4,-182
637.5,-193
637.6,-208
637.7,-212
637.8,-217
637.9,-222
638,-227
638.1,-230
638.2,-230
638.3,-230
638.4,-230
638.5,-230
638.6,-230
638.7,-230
638.8,-230
638.9,-230
639,-230
639.1,-230
639.2,-232
639.3,-232
639.4,-229
639.5,-220
639.6,-201
639.7,-180
639.8,-162
639.9,-140
640,-117
640.1,-98
640.2,-74
640.3,-60
640.4,-52
640.5,-44
640.6,-40
640.7,-37
640.8,-32
640.9,-29
641,-26
641.1,-22
641.2,-18
641.3,-18
641.4,-12
641.6,-5
641.6,-4
641.8,0
641.8,2
642,6
642,8
642.2,12
642.2,12
642.4,12
642.4,12
642.6,12
642.6,12
642.8,12
642.8,12
643,12
643,12
643.2,12
643.2,12
643.4,12
643.4,12
643.6,12
643.7,12
643.8,12
643.9,12
644,16
644.1,49
644.2,110
644.3,171
644.4,216
644.5,241
644.6,250
644.7,254
644.8,266
644.9,276
645,281
645.1,281
645.2,281
645.3,281
645.4,281
645.5,281
645.6,281
645.7,281
645.8,282
645.9,289
646,293
646.1,293
646.2,294
646.3,295
646.4,296
646.5,296
646.6,296
646.7,294
646.8,292
646.9,292
647,293
647.1,293
647.2,294
647.3,294
647.4,294
647.5,294
647.6,292
647.7,287
647.8,275
647.9,256
648,251
648.1,243
648.2,237
648.3,237
648.4,237
648.5,237
648.6,237
648.7,237
648.8,237
648.9,237
649,237
649.1,237
649.2,237
649.3,237
649.4,237
649.5,237
649.6,237
649.7,237
649.8,237
649.9,237
650,237
650.1,236
650.2,195
650.3,154
650.4,135
650.5,102
650.6,51
650.7,-45
650.8,-98
650.9,-110
651,-110
651.1,-113
651.2,-124
651.3,-171
651.4,-185
651.5,-190
651.6,-194
651.7,-199
651.8,-199
651.9,-202
652,-202
652.1,-202
652.2,-202
652.3,-202
652.4,-202
652.5,-202
652.6,-202
652.7,-202
652.8,-202
652.9,-202
653,-202
653.1,-202
653.2,-202
653.3,-202
653.4,-202
653.5,-240
653.6,-285
653.7,-286
653.8,-286
653.9,-288
654,-288
654.1,-288
654.2,-288
654.4,-288
654.4,-277
654.6,-236
654.6,-193
654.8,-155
654.8,-129
655,-95
655,-77
655.2,-68
655.2,-67
655.4,-67
655.4,-67
655.6,-67
655.6,-67
655.8,-63
655.8,-53
656,-42
656,-32
656.2,-15
656.2,8
656.4,25
656.5,47
656.6,67
656.7,80
656.8,91
656.9,107
657,121
657.1,137
657.2,139
657.3,141
657.4,141
657.5,141
657.6,143
657.7,143
657.8,143
657.9,143
658,143
658.1,143
658.2,143
658.3,143
658.4,143
658.5,143
658.6,143
658.7,143
658.8,143
658.9,143
659,143
659.1,143
659.2,143
659.3,143
659.4,143
659.5,143
659.6,143
659.7,143
659.8,143
659.9,143
660,143
660.1,143
660.2,143
660.3,143
660.4,143
660.5,143
660.6,143
660.7,143
660.8,143
660.9,143
661,143
661.1,143
661.2,143
661.3,143
661.4,144
661.5,144
661.6,144
661.7,144
661.8,144
661.9,144
662,144
662.1,144
662.2,144
662.3,144
662.4,144
662.5,144
662.6,144
662.7,144
662.8,144
662.9,144
663,144
663.1,144
663.2,144
663.3,144
663.4,144
663.5,144
663.6,144
663.7,144
663.8,144
663.9,144
664,144
664.1,144
664.2,144
664.3,144
664.4,144
664.5,144
664.6,144
664.7,144
664.8,144
664.9,144
665,144
665.1,144
665.2,144
665.3,144
665.4,144
665.5,144
665.6,144
665.7,144
665.8,137
665.9,103
666,41
666.1,-20
666.2,-60
666.3,-92
666.4,-98
666.5,-98
666.6,-98
666.7,-98
666.8,-98
667,-98
667,-98
667.2,-98
667.2,-98
667.4,-98
667.4,-98
667.6,-98
667.6,-98
667.8,-98
667.8,-98
668,-98
668,-98
668.2,-98
668.2,-98
668.4,-98
668.4,-98
668.6,-92
668.6,-72
668.8,-54
668.8,-34
669,-1
669,11
669.2,27
669.2,53
669.4,59
669.4,59
669.6,59
669.6,59
669.8,59
669.8,59
670,59
670,59
670.2,59
670.2,60
670.4,60
670.4,60
670.6,60
670.6,60
670.8,60
670.9,63
671,66
671.1,68
671.2,68
671.3,68
671.4,68
671.5,68
671.6,68
671.7,68
671.8,68
671.9,68
672,68
672.1,68
672.2,68
672.3,68
672.4,68
672.5,68
672.6,68
672.7,68
672.8,68
672.9,68
673,68
673.1,68
673.2,68
673.3,68
673.4,68
673.5,68
673.6,70
673.7,86
673.8,107
673.9,124
674,142
674.1,154
674.2,165
674.3,172
674.4,175
674.5,182
674.6,182
674.7,182
674.8,182
674.9,182
675,182
675.1,182
675.2,182
675.3,182
675.4,182
675.5,182
675.6,182
675.7,182
675.8,182
675.9,181
676,181
676.1,181
676.2,181
676.3,181
676.4,181
676.5,181
676.6,181
676.7,181
676.8,181
676.9,181
677,181
677.1,181
677.2,181
677.3,181
677.4,181
677.5,181
677.6,181
677.7,181
677.8,181
677.9,181
678,181
678.1,181
678.2,181
678.3,181
678.4,181
678.5,181
678.6,181
678.7,181
678.8,181
678.9,181
679,181
679.1,181
679.2,181
679.3,181
679.4,181
679.5,181
679.6,181
679.7,181
679.8,181
679.9,181
680,181
680.1,181
680.2,181
680.3,181
680.4,181
680.5,181
680.6,181
680.7,181
680.8,181
680.9,181
681,181
681.1,181
681.2,181
681.3,181
681.4,181
681.5,181
681.6,181
681.8,181
681.8,181
682,181
682,181
682.2,181
682.2,181
682.4,181
682.4,181
682.6,181
682.6,181
682.8,181
682.8,181
683,181
683,181
683.2,181
683.2,181
683.4,181
683.4,181
683.6,181
683.7,181
683.8,181
683.9,181
684,181
684.1,181
684.2,175
684.3,172
684.4,171
684.5,166
684.6,166
684.7,166
684.8,166
684.9,162
685,162
685.1,165
685.2,166
685.3,167
685.4,167
685.5,168
685.6,168
685.7,168
685.8,168
685.9,168
686,168
686.1,168
686.2,162
686.3,162
686.4,162
686.5,162
686.6,162
686.7,162
686.8,162
686.9,162
687,162
687.1,162
687.2,162
687.3,162
687.4,162
687.5,162
687.6,162
687.7,162
687.8,162
687.9,162
688,162
688.1,160
688.2,106
688.3,89
688.4,87
688.5,86
688.6,86
688.7,98
688.8,99
688.9,99
689,101
689.1,102
689.2,102
689.3,100
689.4,95
689.5,93
689.6,92
689.7,85
689.8,76
689.9,65
690,52
690.1,29
690.2,8
690.3,-21
690.4,-37
690.5,-40
690.6,-40
690.7,-40
690.8,-40
690.9,-40
691,-40
691.1,-40
691.2,-40
691.3,-40
691.4,-40
691.5,-40
691.6,-40
691.7,-40
691.8,-40
691.9,-40
692,-40
692.1,-40
692.2,-40
692.3,-40
692.4,-40
692.5,-40
692.6,-40
692.7,-40
692.8,-40
692.9,-40
693,-40
693.1,-40
693.2,-40
693.4,-40
693.4,-40
693.6,-40
693.6,-40
693.8,-40
693.8,-40
694,-40
694,-40
694.2,-40
694.2,-40
694.4,-40
694.4,-40
694.6,-40
694.6,-40
694.8,-40
694.8,-40
695,-40
695,-40
695.2,-40
695.3,-40
695.4,-40
695.5,-40
695.6,-40
695.7,-40
695.8,-40
695.9,-40
696,-40
696.1,-40
696.2,-40
696.3,-40
696.4,-40
696.5,-40
696.6,-40
696.7,-40
696.8,-40
696.9,-40
697,-40
697.1,-40
697.2,-40
697.3,-40
697.4,-40
697.5,-40
697.6,-40
697.7,-40
697.8,-40
697.9,-40
698,-40
698.1,-40
698.2,-40
698.3,-40
698.4,-40
698.5,-40
698.6,-40
698.7,-40
698.8,-40
698.9,-40
699,-40
699.1,-40
699.2,-40
699.3,-40
699.4,-40
699.5,-40
699.6,-40
699.7,-40
699.8,-40
699.9,-40
700,-40
700.1,-40
700.2,-40
700.3,-40
700.4,-40
700.5,-40
700.6,-40
700.7,-40
700.8,-40
700.9,-40
701,-40
701.1,-40
701.2,-40
701.3,-40
701.4,-40
701.5,-40
701.6,-49
701.7,-53
701.8,-51
701.9,-38
702,-32
702.1,-24
702.2,-21
702.3,-21
702.4,-23
702.5,-39
702.6,-79
702.7,-123
702.8,-150
702.9,-176
703,-194
703.1,-197
703.2,-203
703.3,-219
703.4,-229
703.5,-230
703.6,-230
703.7,-230
703.8,-230
703.9,-228
704,-226
704.1,-213
704.2,-193
704.3,-185
704.4,-179
704.5,-169
704.6,-164
704.7,-164
704.8,-164
704.9,-164
705,-162
705.1,-162
705.2,-161
705.3,-161
705.4,-160
705.5,-157
705.6,-153
705.8,-144
705.8,-137
706,-129
706,-115
706.1,-95
706.2,-60
706.4,-34
706.4,-15
706.6,-2
706.6,9
706.8,21
706.8,34
707,38
707,48
707.1,58
707.2,64
707.3,66
707.4,66
707.5,66
707.6,66
707.7,66
707.8,66
708,66
708,66
708.2,66
708.2,66
708.4,66
708.4,66
708.6,66
708.6,66
708.8,66
708.8,80
709,109
709,138
709.2,175
709.2,209
709.4,233
709.4,236
709.6,233
709.6,227
709.8,227
709.8,227
710,227
710.1,227
710.2,227
710.3,227
710.4,227
710.5,227
710.6,288
710.7,300
710.8,300
710.9,300
711,300
711.1,300
711.2,300
711.3,300
711.4,300
711.5,300
711.6,300
711.7,300
711.8,300
711.9,300
712,300
712.1,300
712.2,300
712.3,300
712.4,300
712.5,300
712.6,300
712.7,300
712.8,300
712.9,300
713,300
713.1,300
713.2,300
713.3,300
713.4,300
713.5,300
713.6,300
713.7,300
713.8,300
713.9,300
714,300
714.1,300
714.2,300
714.3,300
714.4,300
714.5,300
714.6,300
714.7,300
714.8,300
714.9,300
715,300
715.1,300
715.2,300
715.3,300
715.4,300
715.5,300
715.6,300
715.7,300
715.8,300
715.9,300
716,300
716.1,300
716.2,300
716.3,300
716.4,300
716.5,300
716.6,300
716.7,300
716.8,300
716.9,300
717,300
717.1,300
717.2,300
717.3,300
717.4,300
717.5,300
717.6,300
717.7,300
717.8,300
717.9,300
718,300
718.1,300
718.2,300
718.3,300
718.4,300
718.5,300
718.6,300
718.7,300
718.8,300
718.9,300
719,300
719.1,300
719.2,300
719.3,300
719.4,300
719.5,300
719.6,300
719.7,300
719.8,300
719.9,300
720,300
720.1,300
720.2,300
720.3,300
720.4,300
720.5,300
720.6,300
720.8,300
720.8,300
721,300
721,300
721.2,300
721.2,300
721.4,300
721.4,300
721.6,300
721.6,300
721.8,300
721.8,300
722,300
722,300
722.2,300
722.2,300
722.4,300
722.4,300
722.6,300
722.6,300
722.8,300
722.8,300
723,300
723.1,300
723.2,300
723.3,300
723.4,300
723.5,300
723.6,300
723.7,300
723.8,300
723.9,300
724,300
724.1,300
724.2,300
724.3,300
724.4,300
724.5,300
724.6,300
724.7,300
724.8,300
724.9,300
725,300
725.1,300
725.2,300
725.3,300
725.4,300
725.5,300
725.6,300
725.7,300
725.8,300
725.9,300
726,300
726.1,289
726.2,239
726.3,206
726.4,177
726.5,151
726.6,111
726.7,83
726.8,61
726.9,42
727,30
727.1,26
727.2,23
727.3,22
727.4,17
727.5,15
727.6,15
727.7,15
727.8,15
727.9,15
728,15
728.1,15
728.2,15
728.3,15
728.4,15
728.5,15
728.6,15
728.7,15
728.8,15
728.9,15
729,15
729.1,15
729.2,15
729.3,15
729.4,15
729.5,15
729.6,15
729.7,15
729.8,15
729.9,15
730,15
730.1,15
730.2,15
730.3,15
730.4,15
730.5,8
730.6,1
730.7,-15
730.8,-28
730.9,-45
731,-65
731.1,-74
731.2,-89
731.3,-100
731.4,-110
731.5,-120
731.6,-128
731.7,-137
731.8,-157
731.9,-169
732,-190
732.1,-209
732.2,-226
732.3,-231
732.4,-236
732.5,-239
732.6,-239
732.7,-239
732.8,-239
732.9,-239
733,-239
733.1,-239
733.2,-239
733.3,-239
733.4,-239
733.5,-239
733.6,-239
733.8,-239
733.8,-239
734,-239
734,-239
734.2,-239
734.2,-239
734.4,-239
734.4,-239
734.6,-239
734.6,-239
734.8,-239
734.8,-239
735,-239
735,-239
735.2,-239
735.2,-239
735.4,-239
735.4,-239
735.6,-239
735.6,-239
735.7,-239
735.8,-239
736,-239
736,-239
736.2,-239
736.2,-239
736.4,-239
736.4,-239
736.6,-239
736.6,-239
736.8,-239
736.8,-239
737,-239
737,-239
737.2,-239
737.2,-239
737.4,-239
737.4,-239
737.6,-239
737.6,-239
737.8,-232
737.8,-203
738,-176
738,-128
738.2,-69
738.2,-36
738.4,-1
738.5,26
738.6,45
738.7,55
738.8,61
738.9,67
739,68
739.1,71
739.2,71
739.3,71
739.4,71
739.5,72
739.6,72
739.7,72
739.8,72
739.9,72
740,72
740.1,72
740.2,72
740.3,72
740.4,72
740.5,72
740.6,72
740.7,72
740.8,72
740.9,72
741,72
741.1,72
741.2,72
741.3,72
741.4,72
741.5,72
741.6,72
741.7,72
741.8,72
741.9,72
742,72
742.1,70
742.2,70
742.3,70
742.4,70
742.5,70
742.6,70
742.7,70
742.8,70
742.9,70
743,70
743.1,70
743.2,70
743.3,70
743.4,70
743.5,70
743.6,70
743.7,70
743.8,70
743.9,70
744,70
744.1,70
744.2,70
744.3,70
744.4,70
744.5,70
744.6,70
744.7,70
744.8,70
744.9,70
745,70
745.1,70
745.2,70
745.3,70
745.4,70
745.5,70
745.6,70
745.7,70
745.8,70
745.9,70
746,70
746.1,70
746.2,70
746.3,70
746.4,70
746.5,70
746.6,70
746.7,70
746.8,70
746.9,70
747,70
747.1,70
747.2,70
747.3,70
747.4,70
747.5,70
747.6,70
747.7,70
747.8,70
747.9,70
748,70
748.1,70
748.2,70
748.3,70
748.4,70
748.5,70
748.6,70
748.8,79
748.8,96
749,115
749,134
749.2,148
749.2,151
749.4,152
749.4,152
749.6,152
749.6,188
749.8,214
749.8,244
750,251
750,251
750.2,251
750.2,251
750.4,251
750.4,251
750.6,251
750.6,249
750.8,249
750.8,249
751,249
751.1,249
751.2,249
751.3,249
751.4,249
751.5,249
751.6,249
751.7,249
751.8,249
751.9,249
752,249
752.1,249
752.2,249
752.3,249
752.4,249
752.5,249
752.6,249
752.7,249
752.8,249
752.9,249
753,249
753.1,249
753.2,249
753.3,249
753.4,249
753.5,249
753.6,249
753.7,244
753.8,217
753.9,217
754,217
754.1,212
754.2,202
754.3,194
754.4,194
754.5,194
754.6,199
754.7,207
754.8,214
754.9,216
755,216
755.1,216
755.2,216
755.3,216
755.4,216
755.5,216
755.6,216
755.7,216
755.8,216
755.9,216
756,216
756.1,216
756.2,216
756.3,216
756.4,216
756.5,216
756.6,216
756.7,216
756.8,216
756.9,216
757,216
757.1,214
757.2,214
757.3,214
757.4,214
757.5,214
757.6,214
757.7,214
757.8,214
757.9,214
758,214
758.1,214
758.2,214
758.3,214
758.4,210
758.5,177
758.6,150
758.7,111
758.8,98
758.9,98
759,98
759.1,98
759.2,98
759.3,98
759.4,98
759.5,98
759.6,98
759.7,98
759.8,98
759.9,98
760,98
760.1,98
760.2,98
760.3,98
760.4,98
760.5,98
760.6,98
760.7,98
760.8,98
760.9,98
761,98
761.1,98
761.2,98
761.3,98
761.4,98
761.6,98
761.6,98
761.8,98
761.8,98
762,97
762,91
762.2,82
762.2,69
762.4,59
762.4,54
762.6,42
762.6,39
762.8,39
762.8,39
763,39
763,39
763.2,39
763.3,39
763.4,39
763.5,39
763.6,39
763.6,39
763.8,39
763.9,39
764,39
764.1,39
764.2,39
764.3,39
764.4,39
764.5,39
764.6,39
764.7,39
764.8,39
764.9,39
765,39
765.1,39
765.2,39
765.3,39
765.4,39
765.5,39
765.6,39
765.7,39
765.8,39
765.9,39
766,29
766.1,2
766.2,-31
766.3,-67
766.4,-104
766.5,-117
766.6,-134
766.7,-142
766.8,-147
766.9,-151
767,-158
767.1,-172
767.2,-182
767.3,-192
767.4,-192
767.5,-192
767.6,-192
767.7,-192
767.8,-192
767.9,-192
768,-192
768.1,-192
768.2,-192
768.3,-192
768.4,-192
768.5,-192
768.6,-190
768.7,-157
768.8,-90
768.9,-32
769,26
769.1,69
769.2,124
769.3,169
769.4,191
769.5,192
769.6,194
769.7,194
769.8,194
769.9,194
770,194
770.1,194
770.2,194
770.3,194
770.4,194
770.5,194
770.6,194
770.7,194
770.8,194
770.9,194
771,194
771.1,194
771.2,194
771.3,194
771.4,194
771.5,194
771.6,194
771.7,194
771.8,194
771.9,194
772,199
772.1,205
772.2,211
772.3,215
772.4,222
772.5,226
772.6,230
772.7,235
772.8,241
772.9,242
773,246
773.1,247
773.2,247
773.3,247
773.4,247
773.5,247
773.6,247
773.7,247
773.8,247
773.9,247
774,247
774.2,247
774.2,247
774.4,247
774.4,247
774.5,247
774.6,247
774.7,247
774.8,247
774.9,247
775,247
775.1,247
775.2,247
775.3,247
775.4,247
775.5,247
775.6,247
775.7,247
775.8,247
776,247
776,247
776.2,247
776.2,247
776.4,247
776.4,247
776.6,247
776.6,247
776.8,247
776.8,247
777,247
777,247
777.2,247
777.2,247
777.4,247
777.4,247
777.6,247
777.6,247
777.8,247
777.9,247
778,247
778.1,247
778.2,247
778.3,247
778.4,247
778.5,247
778.6,247
778.7,247
778.8,247
778.9,247
779,247
779.1,247
779.2,247
779.3,247
779.4,247
779.5,247
779.6,247
779.7,247
779.8,247
779.9,247
780,247
780.1,247
780.2,247
780.3,247
780.4,247
780.5,247
780.6,247
780.7,247
780.8,247
780.9,247
781,247
781.1,247
781.2,247
781.3,247
781.4,247
781.5,247
781.6,247
781.7,247
781.8,247
781.9,247
782,247
782.1,247
782.2,247
782.3,247
782.4,247
782.5,247
782.6,247
782.7,247
782.8,247
782.9,247
783,247
783.1,247
783.2,247
783.3,247
783.4,247
783.5,247
783.6,247
783.7,247
783.8,247
783.9,247
784,247
784.1,247
784.2,247
784.3,247
784.4,247
784.5,247
784.6,247
784.7,247
784.8,247
784.9,247
785,247
785.1,247
785.2,247
785.3,247
785.4,247
785.5,247
785.6,247
785.7,247
785.8,247
785.9,247
786,247
786.1,247
786.2,247
786.3,247
786.4,247
786.5,247
786.6,247
786.7,247
786.8,247
786.9,247
787,247
787.1,247
787.2,247
787.3,247
787.4,247
787.5,247
787.6,247
787.7,247
787.8,247
787.9,247
788,247
788.1,248
788.2,267
788.3,281
788.4,291
788.5,300
788.6,300
788.7,297
788.8,297
788.9,297
789,297
789.1,297
789.2,297
789.4,297
789.4,297
789.6,297
789.6,297
789.8,297
789.8,297
790,297
790,297
790.2,297
790.2,297
790.4,297
790.4,297
790.6,297
790.6,297
790.8,297
790.8,297
791,297
791,297
791.2,297
791.3,297
791.4,297
791.5,297
791.6,297
791.7,297
791.8,297
791.9,297
792,297
792.1,297
792.2,297
792.3,297
792.4,297
792.5,297
792.6,296
792.7,293
792.8,293
792.9,293
793,293
793.1,293
793.2,293
793.3,293
793.4,293
793.5,293
793.6,293
793.7,293
793.8,293
793.9,293
794,293
794.1,293
794.2,293
794.3,293
794.4,293
794.5,293
794.6,293
794.7,293
794.8,293
794.9,293
795,293
795.1,293
795.2,293
795.3,293
795.4,293
795.5,293
795.6,293
795.7,293
795.8,293
795.9,293
796,293
796.1,293
796.2,293
796.3,293
796.4,293
796.5,293
796.6,293
796.7,293
796.8,293
796.9,293
797,293
797.1,293
797.2,293
797.3,293
797.4,293
797.5,293
797.6,293
797.7,293
797.8,293
797.9,293
798,293
798.1,293
798.2,293
798.3,293
798.4,293
798.5,293
798.6,293
798.7,293
798.8,293
798.9,293
799,293
799.1,293
799.2,293
799.3,293
799.4,293
799.5,293
799.6,293
799.7,293
799.8,293
799.9,293
800,293
800.1,293
800.2,293
800.3,293
800.4,293
800.5,293
800.6,293
800.7,293
800.8,293
800.9,293
801,293
801.1,293
801.2,293
801.3,293
801.4,293
801.6,293
801.6,293
801.8,293
801.8,293
802,293
802,293
802.2,293
802.2,293
802.4,293
802.4,293
802.6,293
802.6,293
802.8,293
802.8,293
803,293
803,293
803.2,293
803.2,293
803.4,293
803.4,293
803.6,293
803.6,293
803.8,293
803.8,293
804,293
804,293
804.2,293
804.2,293
804.4,293
804.4,293
804.6,293
804.6,293
804.8,293
804.8,293
805,293
805,293
805.2,293
805.2,293
805.4,293
805.5,293
805.6,293
805.7,293
805.8,293
805.9,293
806,293
806.1,293
806.2,293
806.3,293
806.4,293
806.5,293
806.6,293
806.7,293
806.8,293
806.9,293
807,293
807.1,293
807.2,293
807.3,293
807.4,293
807.5,293
807.6,293
807.7,293
807.8,293
807.9,293
808,293
808.1,293
808.2,293
808.3,293
808.4,293
808.5,293
808.6,293
808.7,293
808.8,293
808.9,293
809,293
809.1,293
809.2,260
809.3,258
809.4,245
809.5,237
809.6,231
809.7,220
809.8,206
809.9,189
810,185
810.1,174
810.2,170
810.3,167
810.4,166
810.5,165
810.6,165
810.7,165
810.8,165
810.9,165
811,165
811.1,165
811.2,165
811.3,165
811.4,165
811.5,165
811.6,165
811.7,165
811.8,165
811.9,165
812,165
812.1,165
812.2,165
812.3,165
812.4,165
812.5,165
812.6,165
812.7,165
812.8,165
812.9,165
813,165
813.1,165
813.2,165
813.3,165
813.4,165
813.5,165
813.6,165
813.7,165
813.8,165
813.9,165
814,165
814.1,165
814.2,165
814.3,165
814.4,165
814.5,165
814.6,165
814.7,165
814.8,165
814.9,165
815,165
815.1,165
815.2,165
815.3,165
815.4,165
815.5,165
815.6,165
815.8,165
815.8,165
816,165
816,165
816.2,165
816.2,165
816.4,165
816.4,165
816.6,165
816.6,165
816.8,165
816.8,165
817,165
817,165
817.2,165
817.2,165
817.4,165
817.4,165
817.6,165
817.6,165
817.8,165
817.9,165
818,165
818.1,165
818.2,165
818.3,165
818.4,165
818.5,165
818.6,165
818.7,165
818.8,165
818.8,165
819,165
819.1,165
819.2,165
819.3,165
819.4,165
819.5,165
819.6,165
819.7,165
819.8,165
819.9,165
820,165
820.1,165
820.2,165
820.3,165
820.4,165
820.5,165
820.6,165
820.7,165
820.8,165
820.9,165
821,165
821.1,165
821.2,165
821.3,165
821.4,165
821.5,165
821.6,165
821.7,165
821.8,165
821.9,165
822,165
822.1,165
822.2,165
822.3,165
822.4,165
822.5,165
822.6,165
822.7,165
822.8,165
822.9,165
823,165
823.1,165
823.2,165
823.3,165
823.4,165
823.5,165
823.6,165
823.7,165
823.8,165
823.9,165
824,165
824.1,165
824.2,165
824.3,165
824.4,165
824.5,165
824.6,165
824.7,165
824.8,165
824.9,165
825,165
825.1,165
825.2,165
825.3,165
825.4,165
825.5,165
825.6,165
825.7,165
825.8,165
825.9,165
826,165
826.1,165
826.2,165
826.3,165
826.4,165
826.5,165
826.6,165
826.7,165
826.8,165
826.9,165
827,165
827.1,165
827.2,165
827.3,165
827.4,165
827.6,165
827.6,165
827.8,165
827.8,165
828,165
828,165
828.2,165
828.2,165
828.4,165
828.4,165
828.6,165
828.6,165
828.8,165
828.8,165
829,165
829,165
829.2,165
829.3,165
829.4,165
829.5,165
829.6,165
829.7,165
829.8,165
829.9,165
830,165
830.1,165
830.2,165
830.3,165
830.4,165
830.5,165
830.6,165
830.7,165
830.8,165
830.9,165
831,165
831.1,165
831.2,165
831.3,165
831.4,165
831.5,165
831.6,165
831.7,165
831.8,165
831.9,165
832,165
832.1,165
832.2,165
832.3,165
832.4,165
832.5,165
832.6,165
832.7,165
832.8,165
832.9,165
833,165
833.1,165
833.2,165
833.3,165
833.4,162
833.5,128
833.6,102
833.7,59
833.8,-16
833.9,-110
834,-221
834.1,-267
834.2,-279
834.3,-283
834.4,-287
834.5,-287
834.6,-287
834.7,-287
834.8,-287
834.9,-287
835,-287
835.1,-287
835.2,-287
835.3,-287
835.4,-287
835.5,-287
835.6,-287
835.7,-287
835.8,-287
835.9,-287
836,-287
836.1,-287
836.2,-287
836.3,-287
836.4,-287
836.5,-287
836.6,-287
836.7,-287
836.8,-287
836.9,-287
837,-287
837.1,-287
837.2,-287
837.3,-287
837.4,-287
837.5,-287
837.6,-287
837.7,-287
837.8,-287
837.9,-287
838,-287
838.1,-287
838.2,-243
838.3,-238
838.4,-232
838.5,-234
838.6,-246
838.7,-276
838.8,-298
838.9,-300
839,-300
839.1,-300
839.2,-300
839.3,-300
839.4,-300
839.5,-300
839.6,-300
839.7,-300
839.8,-300
839.9,-300
840,-300
840.1,-300
840.2,-300
840.4,-300
840.4,-300
840.6,-300
840.6,-300
840.8,-300
840.8,-300
841,-300
841,-300
841.2,-300
841.2,-300
841.4,-300
841.4,-300
841.6,-300
841.6,-300
841.8,-300
841.8,-300
842,-300
842,-300
842.2,-300
842.2,-300
842.4,-300
842.4,-300
842.6,-300
842.6,-300
842.8,-300
842.8,-300
843,-300
843,-300
843.2,-300
843.2,-300
843.4,-300
843.4,-300
843.6,-300
843.6,-300
843.8,-300
843.8,-300
844,-300
844,-300
844.2,-300
844.2,-300
844.4,-300
844.5,-300
844.6,-300
844.7,-300
844.8,-300
844.9,-300
845,-300
845.1,-300
845.2,-300
845.3,-300
845.4,-300
845.5,-300
845.6,-300
845.7,-300
845.8,-300
845.9,-300
846,-300
846.1,-300
846.2,-300
846.3,-300
846.4,-300
846.5,-300
846.6,-300
846.7,-300
846.8,-300
846.9,-300
847,-300
847.1,-300
847.2,-300
847.3,-300
847.4,-300
847.5,-300
847.6,-300
847.7,-300
847.8,-300
847.9,-300
848,-300
848.1,-300
848.2,-300
848.3,-300
848.4,-300
848.5,-300
848.6,-300
848.7,-300
848.8,-300
848.9,-300
849,-300
849.1,-300
849.2,-300
849.3,-300
849.4,-300
849.5,-300
849.6,-300
849.7,-300
849.8,-300
849.9,-300
850,-300
850.1,-300
850.2,-300
850.3,-300
850.4,-300
850.5,-266
850.6,-239
850.7,-224
850.8,-191
850.9,-166
851,-154
851.1,-132
851.2,-108
851.3,-84
851.4,-79
851.5,-79
851.6,-79
851.7,-79
851.8,-79
851.9,-79
852,-79
852.1,-44
852.2,-44
852.3,-44
852.4,-44
852.5,-44
852.6,-44
852.7,-44
852.8,-44
852.9,-44
853,-49
853.1,-58
853.2,-58
853.3,-58
853.4,-53
853.5,-47
853.6,-19
853.7,9
853.8,50
853.9,118
854,191
854.1,263
854.2,300
854.3,300
854.4,300
854.6,300
854.6,300
854.8,300
854.8,300
855,300
855,300
855.2,300
855.2,300
855.4,300
855.4,300
855.6,300
855.6,300
855.8,300
855.8,300
856,300
856,300
856.2,300
856.2,300
856.4,300
856.4,300
856.6,300
856.7,300
856.8,300
856.9,300
857,300
857.1,300
857.2,300
857.3,300
857.4,300
857.5,300
857.6,300
857.7,300
857.8,300
857.9,300
858,300
858.1,300
858.2,300
858.3,300
858.4,300
858.5,300
858.6,300
858.7,300
858.8,300
858.9,300
859,300
859.1,300
859.2,300
859.3,300
859.4,300
859.5,300
859.6,300
859.7,300
859.8,300
859.9,300
860,300
860.1,300
860.2,281
860.3,161
860.4,68
860.5,-119
860.6,-300
860.7,-300
860.8,-300
860.9,-300
861,-300
861.1,-300
861.2,-300
861.3,-300
861.4,-300
861.5,-300
861.6,-300
861.7,-300
861.8,-300
861.9,-300
862,-300
862.1,-300
862.2,-300
862.3,-300
862.4,-300
862.5,-300
862.6,-300
862.7,-300
862.8,-300
862.9,-300
863,-300
863.1,-300
863.2,-300
863.3,-300
863.4,-300
863.5,-300
863.6,-300
863.7,-300
863.8,-300
863.9,-300
864,-300
864.1,-300
864.2,-300
864.3,-300
864.4,-300
864.5,-300
864.6,-300
864.7,-300
864.8,-300
864.9,-300
865,-300
865.1,-300
865.2,-300
865.3,-300
865.4,-300
865.5,-300
865.6,-300
865.7,-300
865.8,-300
865.9,-300
866,-300
866.1,-300
866.2,-300
866.3,-300
866.4,-300
866.5,-300
866.6,-300
866.8,-300
866.8,-300
867,-300
867,-300
867.2,-300
867.2,-300
867.4,-300
867.4,-300
867.6,-300
867.6,-300
867.8,-300
867.8,-300
868,-300
868,-300
868.2,-300
868.2,-300
868.4,-300
868.4,-300
868.6,-300
868.6,-300
868.8,-300
868.9,-300
869,-300
869.1,-300
869.2,-300
869.3,-300
869.4,-300
869.5,-300
869.6,-300
869.7,-300
869.8,-300
869.9,-300
870,-300
870.1,-300
870.2,-300
870.3,-300
870.4,-300
870.4,-300
870.6,-300
870.7,-300
870.8,-300
870.9,-300
871,-300
871.1,-300
871.2,-300
871.3,-300
871.4,-300
871.5,-300
871.6,-298
871.7,-274
871.8,-247
871.9,-223
872,-191
872.1,-152
872.2,-129
872.3,-116
872.4,-99
872.5,-80
872.6,-54
872.7,-39
872.8,-30
872.9,-21
873,-8
873.1,-1
873.2,5
873.3,11
873.4,19
873.5,28
873.6,37
873.7,45
873.8,47
873.9,47
874,47
874.1,47
874.2,47
874.3,47
874.4,47
874.5,47
874.6,47
874.7,47
874.8,47
874.9,47
875,47
875.1,47
875.2,47
875.3,47
875.4,47
875.5,47
875.6,47
875.7,47
875.8,47
875.9,47
876,47
876.1,47
